INSERT INTO ExpenseTypes (type_id, expense_type) VALUES (1, 'Fuel');
INSERT INTO ExpenseTypes (type_id, expense_type) VALUES (2, 'Maintenance');
INSERT INTO ExpenseTypes (type_id, expense_type) VALUES (3, 'Rent');
INSERT INTO ExpenseTypes (type_id, expense_type) VALUES (4, 'Equipment');
INSERT INTO ExpenseTypes (type_id, expense_type) VALUES (5, 'Services');
INSERT INTO ExpenseTypes (type_id, expense_type) VALUES (6, 'Repair');
INSERT INTO ExpenseTypes (type_id, expense_type) VALUES (7, 'Insurance');
INSERT INTO ExpenseTypes (type_id, expense_type) VALUES (8, 'Travel');
INSERT INTO ExpenseTypes (type_id, expense_type) VALUES (9, 'Hardware');
INSERT INTO ExpenseTypes (type_id, expense_type) VALUES (10, 'Software');
INSERT INTO ExpenseTypes (type_id, expense_type) VALUES (11, 'Water');
INSERT INTO ExpenseTypes (type_id, expense_type) VALUES (12, 'Electricity');
INSERT INTO ExpenseTypes (type_id, expense_type) VALUES (13, 'Phone');
INSERT INTO ExpenseTypes (type_id, expense_type) VALUES (14, 'Printing');
INSERT INTO ExpenseTypes (type_id, expense_type) VALUES (15, 'Salary');
INSERT INTO FinancialAudit (audit_id, auditor_name, summary, audit_date) VALUES (1, 'Talia Zohar', 'Missing record', '2023-10-08');
INSERT INTO Expense (expense_id, amount, status, due_date, description, year, type_id) VALUES (1, 420.33, 'Paid', '2021-04-10', 'Maintenance', 2019, 3);
INSERT INTO Invoice (invoice_id, recipient, amount, issue_date, status, payment_id) VALUES (1, 'John Smith', 3215.52, '2023-07-03', 'Unpaid', 89);
INSERT INTO AuditRecord (record_id, findings, revenue_id, expense_id, audit_id) VALUES (1, 'Missing record', 107, 1, 1);
INSERT INTO FinancialAudit (audit_id, auditor_name, summary, audit_date) VALUES (2, 'Sarah Cohen', 'Budget deviation', '2021-10-15');
INSERT INTO Expense (expense_id, amount, status, due_date, description, year, type_id) VALUES (2, 1714.18, 'Paid', '2022-09-06', 'Equipment', 2018, 8);
INSERT INTO Invoice (invoice_id, recipient, amount, issue_date, status, payment_id) VALUES (2, 'John Smith', 6964.89, '2021-02-01', 'Unpaid', 301);
INSERT INTO AuditRecord (record_id, findings, revenue_id, expense_id, audit_id) VALUES (2, 'General check', 119, 2, 2);
INSERT INTO FinancialAudit (audit_id, auditor_name, summary, audit_date) VALUES (3, 'Talia Zohar', 'General check', '2022-06-24');
INSERT INTO Expense (expense_id, amount, status, due_date, description, year, type_id) VALUES (3, 3814.31, 'Pending', '2023-06-05', 'Electricity', 2028, 11);
INSERT INTO Invoice (invoice_id, recipient, amount, issue_date, status, payment_id) VALUES (3, 'Sarah Cohen', 9177.44, '2021-11-13', 'Paid', 335);
INSERT INTO AuditRecord (record_id, findings, revenue_id, expense_id, audit_id) VALUES (3, 'Document mismatch', 349, 3, 3);
INSERT INTO FinancialAudit (audit_id, auditor_name, summary, audit_date) VALUES (4, 'John Smith', 'Submission delay', '2022-09-19');
INSERT INTO Expense (expense_id, amount, status, due_date, description, year, type_id) VALUES (4, 2088.5, 'Unpaid', '2021-11-18', 'Fuel', 2008, 11);
INSERT INTO Invoice (invoice_id, recipient, amount, issue_date, status, payment_id) VALUES (4, 'Sarah Cohen', 1988.01, '2022-03-05', 'Paid', 21);
INSERT INTO AuditRecord (record_id, findings, revenue_id, expense_id, audit_id) VALUES (4, 'Submission delay', 42, 4, 4);
INSERT INTO FinancialAudit (audit_id, auditor_name, summary, audit_date) VALUES (5, 'John Smith', 'Unusual amount', '2022-11-15');
INSERT INTO Expense (expense_id, amount, status, due_date, description, year, type_id) VALUES (5, 2691.61, 'Pending', '2022-06-09', 'Software', 2021, 8);
INSERT INTO Invoice (invoice_id, recipient, amount, issue_date, status, payment_id) VALUES (5, 'Sarah Cohen', 4815.54, '2023-06-13', 'Unpaid', 72);
INSERT INTO AuditRecord (record_id, findings, revenue_id, expense_id, audit_id) VALUES (5, 'General check', 37, 5, 5);
INSERT INTO FinancialAudit (audit_id, auditor_name, summary, audit_date) VALUES (6, 'Sarah Cohen', 'Unusual amount', '2021-02-11');
INSERT INTO Expense (expense_id, amount, status, due_date, description, year, type_id) VALUES (6, 2481.81, 'Unpaid', '2021-11-04', 'Insurance', 2028, 10);
INSERT INTO Invoice (invoice_id, recipient, amount, issue_date, status, payment_id) VALUES (6, 'Daniel Green', 7678.45, '2021-10-27', 'Unpaid', 120);
INSERT INTO AuditRecord (record_id, findings, revenue_id, expense_id, audit_id) VALUES (6, 'General check', 265, 6, 6);
INSERT INTO FinancialAudit (audit_id, auditor_name, summary, audit_date) VALUES (7, 'Talia Zohar', 'Unusual amount', '2022-11-24');
INSERT INTO Expense (expense_id, amount, status, due_date, description, year, type_id) VALUES (7, 2321.12, 'Paid', '2022-04-20', 'Equipment', 2015, 10);
INSERT INTO Invoice (invoice_id, recipient, amount, issue_date, status, payment_id) VALUES (7, 'Daniel Green', 5629.01, '2022-06-07', 'Unpaid', 252);
INSERT INTO AuditRecord (record_id, findings, revenue_id, expense_id, audit_id) VALUES (7, 'Missing record', 201, 7, 7);
INSERT INTO FinancialAudit (audit_id, auditor_name, summary, audit_date) VALUES (8, 'Sarah Cohen', 'Unusual amount', '2020-11-11');
INSERT INTO Expense (expense_id, amount, status, due_date, description, year, type_id) VALUES (8, 2657.04, 'Paid', '2021-02-18', 'Repair', 2021, 10);
INSERT INTO Invoice (invoice_id, recipient, amount, issue_date, status, payment_id) VALUES (8, 'Sarah Cohen', 1909.36, '2021-07-29', 'Unpaid', 355);
INSERT INTO AuditRecord (record_id, findings, revenue_id, expense_id, audit_id) VALUES (8, 'Submission delay', 32, 8, 8);
INSERT INTO FinancialAudit (audit_id, auditor_name, summary, audit_date) VALUES (9, 'Orna Levi', 'Unusual amount', '2021-10-25');
INSERT INTO Expense (expense_id, amount, status, due_date, description, year, type_id) VALUES (9, 668.92, 'Unpaid', '2021-08-06', 'Travel', 2011, 4);
INSERT INTO Invoice (invoice_id, recipient, amount, issue_date, status, payment_id) VALUES (9, 'Daniel Green', 1612.11, '2023-02-02', 'Paid', 372);
INSERT INTO AuditRecord (record_id, findings, revenue_id, expense_id, audit_id) VALUES (9, 'General check', 393, 9, 9);
INSERT INTO FinancialAudit (audit_id, auditor_name, summary, audit_date) VALUES (10, 'John Smith', 'Unusual amount', '2023-09-29');
INSERT INTO Expense (expense_id, amount, status, due_date, description, year, type_id) VALUES (10, 4627.88, 'Pending', '2021-11-08', 'Salary', 2013, 9);
INSERT INTO Invoice (invoice_id, recipient, amount, issue_date, status, payment_id) VALUES (10, 'Avi Cohen', 9138.69, '2022-05-26', 'Unpaid', 317);
INSERT INTO AuditRecord (record_id, findings, revenue_id, expense_id, audit_id) VALUES (10, 'Document mismatch', 14, 10, 10);
INSERT INTO FinancialAudit (audit_id, auditor_name, summary, audit_date) VALUES (11, 'Talia Zohar', 'Missing record', '2022-05-30');
INSERT INTO Expense (expense_id, amount, status, due_date, description, year, type_id) VALUES (11, 2912.84, 'Paid', '2023-02-24', 'Hardware', 2012, 6);
INSERT INTO Invoice (invoice_id, recipient, amount, issue_date, status, payment_id) VALUES (11, 'Sarah Cohen', 6819.9, '2023-02-09', 'Unpaid', 185);
INSERT INTO AuditRecord (record_id, findings, revenue_id, expense_id, audit_id) VALUES (11, 'General check', 102, 11, 11);
INSERT INTO FinancialAudit (audit_id, auditor_name, summary, audit_date) VALUES (12, 'John Smith', 'Document mismatch', '2023-08-02');
INSERT INTO Expense (expense_id, amount, status, due_date, description, year, type_id) VALUES (12, 2744.32, 'Paid', '2021-04-28', 'Electricity', 2016, 3);
INSERT INTO Invoice (invoice_id, recipient, amount, issue_date, status, payment_id) VALUES (12, 'Avi Cohen', 8324.9, '2021-10-26', 'Paid', 250);
INSERT INTO AuditRecord (record_id, findings, revenue_id, expense_id, audit_id) VALUES (12, 'Missing record', 61, 12, 12);
INSERT INTO FinancialAudit (audit_id, auditor_name, summary, audit_date) VALUES (13, 'John Smith', 'Missing record', '2023-06-21');
INSERT INTO Expense (expense_id, amount, status, due_date, description, year, type_id) VALUES (13, 4980.88, 'Pending', '2023-03-16', 'Fuel', 2022, 11);
INSERT INTO Invoice (invoice_id, recipient, amount, issue_date, status, payment_id) VALUES (13, 'Sarah Cohen', 9587.68, '2022-01-26', 'Unpaid', 309);
INSERT INTO AuditRecord (record_id, findings, revenue_id, expense_id, audit_id) VALUES (13, 'Unusual amount', 26, 13, 13);
INSERT INTO FinancialAudit (audit_id, auditor_name, summary, audit_date) VALUES (14, 'Orna Levi', 'Submission delay', '2020-02-12');
INSERT INTO Expense (expense_id, amount, status, due_date, description, year, type_id) VALUES (14, 4220.18, 'Paid', '2021-07-19', 'Hardware', 2017, 13);
INSERT INTO Invoice (invoice_id, recipient, amount, issue_date, status, payment_id) VALUES (14, 'Avi Cohen', 5736.8, '2021-10-13', 'Paid', 389);
INSERT INTO AuditRecord (record_id, findings, revenue_id, expense_id, audit_id) VALUES (14, 'General check', 159, 14, 14);
INSERT INTO FinancialAudit (audit_id, auditor_name, summary, audit_date) VALUES (15, 'Daniel Green', 'General check', '2021-01-16');
INSERT INTO Expense (expense_id, amount, status, due_date, description, year, type_id) VALUES (15, 3303.23, 'Pending', '2022-09-22', 'Repair', 2027, 8);
INSERT INTO Invoice (invoice_id, recipient, amount, issue_date, status, payment_id) VALUES (15, 'John Smith', 1360.34, '2021-04-26', 'Unpaid', 36);
INSERT INTO AuditRecord (record_id, findings, revenue_id, expense_id, audit_id) VALUES (15, 'Submission delay', 279, 15, 15);
INSERT INTO FinancialAudit (audit_id, auditor_name, summary, audit_date) VALUES (16, 'Talia Zohar', 'Unusual amount', '2021-11-19');
INSERT INTO Expense (expense_id, amount, status, due_date, description, year, type_id) VALUES (16, 191.05, 'Paid', '2021-12-26', 'Salary', 2020, 2);
INSERT INTO Invoice (invoice_id, recipient, amount, issue_date, status, payment_id) VALUES (16, 'Daniel Green', 3416.23, '2022-10-16', 'Unpaid', 262);
INSERT INTO AuditRecord (record_id, findings, revenue_id, expense_id, audit_id) VALUES (16, 'Document mismatch', 273, 16, 16);
INSERT INTO FinancialAudit (audit_id, auditor_name, summary, audit_date) VALUES (17, 'Avi Cohen', 'General check', '2023-08-09');
INSERT INTO Expense (expense_id, amount, status, due_date, description, year, type_id) VALUES (17, 2840.38, 'Unpaid', '2021-08-26', 'Printing', 2012, 11);
INSERT INTO Invoice (invoice_id, recipient, amount, issue_date, status, payment_id) VALUES (17, 'Daniel Green', 5919.35, '2021-06-21', 'Unpaid', 253);
INSERT INTO AuditRecord (record_id, findings, revenue_id, expense_id, audit_id) VALUES (17, 'Submission delay', 112, 17, 17);
INSERT INTO FinancialAudit (audit_id, auditor_name, summary, audit_date) VALUES (18, 'Talia Zohar', 'Submission delay', '2020-02-20');
INSERT INTO Expense (expense_id, amount, status, due_date, description, year, type_id) VALUES (18, 1954.99, 'Pending', '2022-01-30', 'Maintenance', 2011, 11);
INSERT INTO Invoice (invoice_id, recipient, amount, issue_date, status, payment_id) VALUES (18, 'John Smith', 7222.67, '2021-05-27', 'Unpaid', 164);
INSERT INTO AuditRecord (record_id, findings, revenue_id, expense_id, audit_id) VALUES (18, 'General check', 153, 18, 18);
INSERT INTO FinancialAudit (audit_id, auditor_name, summary, audit_date) VALUES (19, 'Sarah Cohen', 'Unusual amount', '2022-06-03');
INSERT INTO Expense (expense_id, amount, status, due_date, description, year, type_id) VALUES (19, 3701.64, 'Paid', '2023-05-16', 'Printing', 2016, 5);
INSERT INTO Invoice (invoice_id, recipient, amount, issue_date, status, payment_id) VALUES (19, 'Orna Levi', 9100.08, '2021-12-29', 'Unpaid', 191);
INSERT INTO AuditRecord (record_id, findings, revenue_id, expense_id, audit_id) VALUES (19, 'Document mismatch', 165, 19, 19);
INSERT INTO FinancialAudit (audit_id, auditor_name, summary, audit_date) VALUES (20, 'Sarah Cohen', 'Document mismatch', '2022-01-24');
INSERT INTO Expense (expense_id, amount, status, due_date, description, year, type_id) VALUES (20, 1318.32, 'Paid', '2023-06-24', 'Repair', 2028, 12);
INSERT INTO Invoice (invoice_id, recipient, amount, issue_date, status, payment_id) VALUES (20, 'Daniel Green', 6572.49, '2022-03-06', 'Paid', 67);
INSERT INTO AuditRecord (record_id, findings, revenue_id, expense_id, audit_id) VALUES (20, 'General check', 342, 20, 20);
INSERT INTO FinancialAudit (audit_id, auditor_name, summary, audit_date) VALUES (21, 'John Smith', 'General check', '2021-10-23');
INSERT INTO Expense (expense_id, amount, status, due_date, description, year, type_id) VALUES (21, 3941.38, 'Pending', '2023-07-29', 'Fuel', 2014, 10);
INSERT INTO Invoice (invoice_id, recipient, amount, issue_date, status, payment_id) VALUES (21, 'Avi Cohen', 9453.0, '2022-03-29', 'Unpaid', 293);
INSERT INTO AuditRecord (record_id, findings, revenue_id, expense_id, audit_id) VALUES (21, 'Missing record', 308, 21, 21);
INSERT INTO FinancialAudit (audit_id, auditor_name, summary, audit_date) VALUES (22, 'Talia Zohar', 'Document mismatch', '2023-05-04');
INSERT INTO Expense (expense_id, amount, status, due_date, description, year, type_id) VALUES (22, 2963.3, 'Paid', '2022-03-13', 'Equipment', 2004, 4);
INSERT INTO Invoice (invoice_id, recipient, amount, issue_date, status, payment_id) VALUES (22, 'Daniel Green', 7627.91, '2023-01-24', 'Unpaid', 332);
INSERT INTO AuditRecord (record_id, findings, revenue_id, expense_id, audit_id) VALUES (22, 'Document mismatch', 258, 22, 22);
INSERT INTO FinancialAudit (audit_id, auditor_name, summary, audit_date) VALUES (23, 'Sarah Cohen', 'Document mismatch', '2023-02-02');
INSERT INTO Expense (expense_id, amount, status, due_date, description, year, type_id) VALUES (23, 1513.57, 'Unpaid', '2023-02-24', 'Fuel', 2000, 10);
INSERT INTO Invoice (invoice_id, recipient, amount, issue_date, status, payment_id) VALUES (23, 'John Smith', 5551.11, '2022-05-04', 'Unpaid', 243);
INSERT INTO AuditRecord (record_id, findings, revenue_id, expense_id, audit_id) VALUES (23, 'Budget deviation', 160, 23, 23);
INSERT INTO FinancialAudit (audit_id, auditor_name, summary, audit_date) VALUES (24, 'Orna Levi', 'Document mismatch', '2021-07-08');
INSERT INTO Expense (expense_id, amount, status, due_date, description, year, type_id) VALUES (24, 4356.92, 'Paid', '2023-03-05', 'Insurance', 2009, 6);
INSERT INTO Invoice (invoice_id, recipient, amount, issue_date, status, payment_id) VALUES (24, 'Daniel Green', 2987.47, '2021-06-11', 'Unpaid', 239);
INSERT INTO AuditRecord (record_id, findings, revenue_id, expense_id, audit_id) VALUES (24, 'Document mismatch', 61, 24, 24);
INSERT INTO FinancialAudit (audit_id, auditor_name, summary, audit_date) VALUES (25, 'Talia Zohar', 'Missing record', '2021-03-27');
INSERT INTO Expense (expense_id, amount, status, due_date, description, year, type_id) VALUES (25, 4973.04, 'Pending', '2022-11-18', 'Repair', 2013, 9);
INSERT INTO Invoice (invoice_id, recipient, amount, issue_date, status, payment_id) VALUES (25, 'Avi Cohen', 8952.33, '2022-11-21', 'Unpaid', 329);
INSERT INTO AuditRecord (record_id, findings, revenue_id, expense_id, audit_id) VALUES (25, 'Unusual amount', 310, 25, 25);
INSERT INTO FinancialAudit (audit_id, auditor_name, summary, audit_date) VALUES (26, 'John Smith', 'General check', '2023-03-17');
INSERT INTO Expense (expense_id, amount, status, due_date, description, year, type_id) VALUES (26, 561.23, 'Unpaid', '2021-05-06', 'Travel', 2007, 8);
INSERT INTO Invoice (invoice_id, recipient, amount, issue_date, status, payment_id) VALUES (26, 'Sarah Cohen', 3481.43, '2021-05-06', 'Paid', 173);
INSERT INTO AuditRecord (record_id, findings, revenue_id, expense_id, audit_id) VALUES (26, 'Unusual amount', 349, 26, 26);
INSERT INTO FinancialAudit (audit_id, auditor_name, summary, audit_date) VALUES (27, 'Daniel Green', 'Document mismatch', '2020-03-08');
INSERT INTO Expense (expense_id, amount, status, due_date, description, year, type_id) VALUES (27, 3813.72, 'Unpaid', '2022-07-24', 'Hardware', 2012, 3);
INSERT INTO Invoice (invoice_id, recipient, amount, issue_date, status, payment_id) VALUES (27, 'Sarah Cohen', 8520.78, '2023-03-15', 'Paid', 292);
INSERT INTO AuditRecord (record_id, findings, revenue_id, expense_id, audit_id) VALUES (27, 'Submission delay', 363, 27, 27);
INSERT INTO FinancialAudit (audit_id, auditor_name, summary, audit_date) VALUES (28, 'Sarah Cohen', 'Document mismatch', '2020-10-30');
INSERT INTO Expense (expense_id, amount, status, due_date, description, year, type_id) VALUES (28, 2817.41, 'Unpaid', '2021-12-25', 'Software', 2030, 5);
INSERT INTO Invoice (invoice_id, recipient, amount, issue_date, status, payment_id) VALUES (28, 'Avi Cohen', 7577.76, '2023-07-03', 'Paid', 86);
INSERT INTO AuditRecord (record_id, findings, revenue_id, expense_id, audit_id) VALUES (28, 'Document mismatch', 379, 28, 28);
INSERT INTO FinancialAudit (audit_id, auditor_name, summary, audit_date) VALUES (29, 'John Smith', 'Document mismatch', '2021-12-29');
INSERT INTO Expense (expense_id, amount, status, due_date, description, year, type_id) VALUES (29, 3554.62, 'Pending', '2023-01-04', 'Salary', 2025, 12);
INSERT INTO Invoice (invoice_id, recipient, amount, issue_date, status, payment_id) VALUES (29, 'Talia Zohar', 8322.71, '2022-05-05', 'Paid', 174);
INSERT INTO AuditRecord (record_id, findings, revenue_id, expense_id, audit_id) VALUES (29, 'General check', 135, 29, 29);
INSERT INTO FinancialAudit (audit_id, auditor_name, summary, audit_date) VALUES (30, 'John Smith', 'Budget deviation', '2022-06-30');
INSERT INTO Expense (expense_id, amount, status, due_date, description, year, type_id) VALUES (30, 3766.57, 'Unpaid', '2023-03-02', 'Fuel', 2021, 12);
INSERT INTO Invoice (invoice_id, recipient, amount, issue_date, status, payment_id) VALUES (30, 'Talia Zohar', 6612.44, '2022-12-23', 'Unpaid', 41);
INSERT INTO AuditRecord (record_id, findings, revenue_id, expense_id, audit_id) VALUES (30, 'Document mismatch', 92, 30, 30);
INSERT INTO FinancialAudit (audit_id, auditor_name, summary, audit_date) VALUES (31, 'Sarah Cohen', 'Submission delay', '2020-04-20');
INSERT INTO Expense (expense_id, amount, status, due_date, description, year, type_id) VALUES (31, 949.35, 'Unpaid', '2021-11-22', 'Equipment', 2011, 2);
INSERT INTO Invoice (invoice_id, recipient, amount, issue_date, status, payment_id) VALUES (31, 'Sarah Cohen', 7523.17, '2022-05-09', 'Unpaid', 383);
INSERT INTO AuditRecord (record_id, findings, revenue_id, expense_id, audit_id) VALUES (31, 'General check', 8, 31, 31);
INSERT INTO FinancialAudit (audit_id, auditor_name, summary, audit_date) VALUES (32, 'Talia Zohar', 'General check', '2023-09-11');
INSERT INTO Expense (expense_id, amount, status, due_date, description, year, type_id) VALUES (32, 1825.99, 'Pending', '2023-03-07', 'Maintenance', 2004, 7);
INSERT INTO Invoice (invoice_id, recipient, amount, issue_date, status, payment_id) VALUES (32, 'Orna Levi', 6000.23, '2021-03-01', 'Unpaid', 42);
INSERT INTO AuditRecord (record_id, findings, revenue_id, expense_id, audit_id) VALUES (32, 'Budget deviation', 312, 32, 32);
INSERT INTO FinancialAudit (audit_id, auditor_name, summary, audit_date) VALUES (33, 'Talia Zohar', 'Unusual amount', '2022-08-25');
INSERT INTO Expense (expense_id, amount, status, due_date, description, year, type_id) VALUES (33, 1219.7, 'Paid', '2022-08-25', 'Equipment', 2016, 12);
INSERT INTO Invoice (invoice_id, recipient, amount, issue_date, status, payment_id) VALUES (33, 'Daniel Green', 273.19, '2021-06-22', 'Paid', 36);
INSERT INTO AuditRecord (record_id, findings, revenue_id, expense_id, audit_id) VALUES (33, 'Budget deviation', 166, 33, 33);
INSERT INTO FinancialAudit (audit_id, auditor_name, summary, audit_date) VALUES (34, 'John Smith', 'Document mismatch', '2022-03-15');
INSERT INTO Expense (expense_id, amount, status, due_date, description, year, type_id) VALUES (34, 4154.04, 'Pending', '2021-11-03', 'Water', 2019, 10);
INSERT INTO Invoice (invoice_id, recipient, amount, issue_date, status, payment_id) VALUES (34, 'John Smith', 6468.37, '2022-09-08', 'Paid', 111);
INSERT INTO AuditRecord (record_id, findings, revenue_id, expense_id, audit_id) VALUES (34, 'General check', 334, 34, 34);
INSERT INTO FinancialAudit (audit_id, auditor_name, summary, audit_date) VALUES (35, 'Orna Levi', 'Unusual amount', '2023-09-18');
INSERT INTO Expense (expense_id, amount, status, due_date, description, year, type_id) VALUES (35, 4973.95, 'Pending', '2022-11-16', 'Hardware', 2027, 5);
INSERT INTO Invoice (invoice_id, recipient, amount, issue_date, status, payment_id) VALUES (35, 'Talia Zohar', 3552.71, '2022-07-22', 'Unpaid', 334);
INSERT INTO AuditRecord (record_id, findings, revenue_id, expense_id, audit_id) VALUES (35, 'Document mismatch', 194, 35, 35);
INSERT INTO FinancialAudit (audit_id, auditor_name, summary, audit_date) VALUES (36, 'Daniel Green', 'General check', '2021-02-24');
INSERT INTO Expense (expense_id, amount, status, due_date, description, year, type_id) VALUES (36, 1273.04, 'Unpaid', '2022-03-08', 'Services', 2019, 10);
INSERT INTO Invoice (invoice_id, recipient, amount, issue_date, status, payment_id) VALUES (36, 'Daniel Green', 9427.87, '2023-03-20', 'Paid', 151);
INSERT INTO AuditRecord (record_id, findings, revenue_id, expense_id, audit_id) VALUES (36, 'Submission delay', 151, 36, 36);
INSERT INTO FinancialAudit (audit_id, auditor_name, summary, audit_date) VALUES (37, 'Talia Zohar', 'Budget deviation', '2020-03-28');
INSERT INTO Expense (expense_id, amount, status, due_date, description, year, type_id) VALUES (37, 3394.69, 'Pending', '2021-08-04', 'Maintenance', 2029, 14);
INSERT INTO Invoice (invoice_id, recipient, amount, issue_date, status, payment_id) VALUES (37, 'Talia Zohar', 5153.02, '2023-03-11', 'Paid', 84);
INSERT INTO AuditRecord (record_id, findings, revenue_id, expense_id, audit_id) VALUES (37, 'Budget deviation', 84, 37, 37);
INSERT INTO FinancialAudit (audit_id, auditor_name, summary, audit_date) VALUES (38, 'Orna Levi', 'Unusual amount', '2022-05-27');
INSERT INTO Expense (expense_id, amount, status, due_date, description, year, type_id) VALUES (38, 184.76, 'Paid', '2021-06-02', 'Insurance', 2000, 4);
INSERT INTO Invoice (invoice_id, recipient, amount, issue_date, status, payment_id) VALUES (38, 'Talia Zohar', 1279.21, '2023-03-14', 'Paid', 284);
INSERT INTO AuditRecord (record_id, findings, revenue_id, expense_id, audit_id) VALUES (38, 'Missing record', 54, 38, 38);
INSERT INTO FinancialAudit (audit_id, auditor_name, summary, audit_date) VALUES (39, 'Orna Levi', 'Submission delay', '2020-06-25');
INSERT INTO Expense (expense_id, amount, status, due_date, description, year, type_id) VALUES (39, 854.57, 'Paid', '2022-11-03', 'Phone', 2026, 15);
INSERT INTO Invoice (invoice_id, recipient, amount, issue_date, status, payment_id) VALUES (39, 'John Smith', 899.98, '2023-07-07', 'Paid', 266);
INSERT INTO AuditRecord (record_id, findings, revenue_id, expense_id, audit_id) VALUES (39, 'General check', 355, 39, 39);
INSERT INTO FinancialAudit (audit_id, auditor_name, summary, audit_date) VALUES (40, 'Sarah Cohen', 'Unusual amount', '2021-03-06');
INSERT INTO Expense (expense_id, amount, status, due_date, description, year, type_id) VALUES (40, 1684.7, 'Unpaid', '2022-08-07', 'Travel', 2020, 5);
INSERT INTO Invoice (invoice_id, recipient, amount, issue_date, status, payment_id) VALUES (40, 'Sarah Cohen', 4719.58, '2021-09-26', 'Unpaid', 111);
INSERT INTO AuditRecord (record_id, findings, revenue_id, expense_id, audit_id) VALUES (40, 'Submission delay', 195, 40, 40);
INSERT INTO FinancialAudit (audit_id, auditor_name, summary, audit_date) VALUES (41, 'John Smith', 'Budget deviation', '2021-05-14');
INSERT INTO Expense (expense_id, amount, status, due_date, description, year, type_id) VALUES (41, 4926.37, 'Unpaid', '2022-04-11', 'Salary', 2025, 1);
INSERT INTO Invoice (invoice_id, recipient, amount, issue_date, status, payment_id) VALUES (41, 'John Smith', 3817.14, '2021-02-26', 'Unpaid', 184);
INSERT INTO AuditRecord (record_id, findings, revenue_id, expense_id, audit_id) VALUES (41, 'Unusual amount', 311, 41, 41);
INSERT INTO FinancialAudit (audit_id, auditor_name, summary, audit_date) VALUES (42, 'Daniel Green', 'Submission delay', '2023-09-24');
INSERT INTO Expense (expense_id, amount, status, due_date, description, year, type_id) VALUES (42, 911.25, 'Unpaid', '2021-04-21', 'Fuel', 2015, 5);
INSERT INTO Invoice (invoice_id, recipient, amount, issue_date, status, payment_id) VALUES (42, 'Talia Zohar', 2477.18, '2021-05-05', 'Paid', 384);
INSERT INTO AuditRecord (record_id, findings, revenue_id, expense_id, audit_id) VALUES (42, 'Budget deviation', 243, 42, 42);
INSERT INTO FinancialAudit (audit_id, auditor_name, summary, audit_date) VALUES (43, 'John Smith', 'Unusual amount', '2023-03-13');
INSERT INTO Expense (expense_id, amount, status, due_date, description, year, type_id) VALUES (43, 1711.65, 'Paid', '2023-08-11', 'Water', 2019, 13);
INSERT INTO Invoice (invoice_id, recipient, amount, issue_date, status, payment_id) VALUES (43, 'John Smith', 7541.22, '2023-07-19', 'Paid', 245);
INSERT INTO AuditRecord (record_id, findings, revenue_id, expense_id, audit_id) VALUES (43, 'Document mismatch', 3, 43, 43);
INSERT INTO FinancialAudit (audit_id, auditor_name, summary, audit_date) VALUES (44, 'Orna Levi', 'Document mismatch', '2020-02-18');
INSERT INTO Expense (expense_id, amount, status, due_date, description, year, type_id) VALUES (44, 4699.24, 'Pending', '2021-12-21', 'Services', 2019, 9);
INSERT INTO Invoice (invoice_id, recipient, amount, issue_date, status, payment_id) VALUES (44, 'John Smith', 5006.54, '2022-11-19', 'Paid', 193);
INSERT INTO AuditRecord (record_id, findings, revenue_id, expense_id, audit_id) VALUES (44, 'Document mismatch', 111, 44, 44);
INSERT INTO FinancialAudit (audit_id, auditor_name, summary, audit_date) VALUES (45, 'Talia Zohar', 'Document mismatch', '2022-11-05');
INSERT INTO Expense (expense_id, amount, status, due_date, description, year, type_id) VALUES (45, 4875.08, 'Paid', '2023-06-21', 'Electricity', 2001, 7);
INSERT INTO Invoice (invoice_id, recipient, amount, issue_date, status, payment_id) VALUES (45, 'Orna Levi', 4879.49, '2023-07-02', 'Paid', 267);
INSERT INTO AuditRecord (record_id, findings, revenue_id, expense_id, audit_id) VALUES (45, 'Unusual amount', 328, 45, 45);
INSERT INTO FinancialAudit (audit_id, auditor_name, summary, audit_date) VALUES (46, 'Avi Cohen', 'Missing record', '2020-04-13');
INSERT INTO Expense (expense_id, amount, status, due_date, description, year, type_id) VALUES (46, 2503.3, 'Pending', '2021-06-26', 'Equipment', 2000, 3);
INSERT INTO Invoice (invoice_id, recipient, amount, issue_date, status, payment_id) VALUES (46, 'Daniel Green', 7180.18, '2021-05-10', 'Unpaid', 40);
INSERT INTO AuditRecord (record_id, findings, revenue_id, expense_id, audit_id) VALUES (46, 'Budget deviation', 390, 46, 46);
INSERT INTO FinancialAudit (audit_id, auditor_name, summary, audit_date) VALUES (47, 'Avi Cohen', 'Document mismatch', '2020-11-28');
INSERT INTO Expense (expense_id, amount, status, due_date, description, year, type_id) VALUES (47, 2096.42, 'Unpaid', '2023-07-22', 'Services', 2020, 10);
INSERT INTO Invoice (invoice_id, recipient, amount, issue_date, status, payment_id) VALUES (47, 'Sarah Cohen', 6843.5, '2022-05-20', 'Unpaid', 393);
INSERT INTO AuditRecord (record_id, findings, revenue_id, expense_id, audit_id) VALUES (47, 'Document mismatch', 44, 47, 47);
INSERT INTO FinancialAudit (audit_id, auditor_name, summary, audit_date) VALUES (48, 'Talia Zohar', 'Missing record', '2021-12-28');
INSERT INTO Expense (expense_id, amount, status, due_date, description, year, type_id) VALUES (48, 992.88, 'Paid', '2021-10-13', 'Insurance', 2026, 11);
INSERT INTO Invoice (invoice_id, recipient, amount, issue_date, status, payment_id) VALUES (48, 'Daniel Green', 3321.26, '2021-07-07', 'Unpaid', 5);
INSERT INTO AuditRecord (record_id, findings, revenue_id, expense_id, audit_id) VALUES (48, 'Budget deviation', 386, 48, 48);
INSERT INTO FinancialAudit (audit_id, auditor_name, summary, audit_date) VALUES (49, 'Daniel Green', 'Unusual amount', '2020-09-12');
INSERT INTO Expense (expense_id, amount, status, due_date, description, year, type_id) VALUES (49, 3884.91, 'Pending', '2021-12-24', 'Rent', 2008, 1);
INSERT INTO Invoice (invoice_id, recipient, amount, issue_date, status, payment_id) VALUES (49, 'John Smith', 9104.31, '2022-06-20', 'Unpaid', 201);
INSERT INTO AuditRecord (record_id, findings, revenue_id, expense_id, audit_id) VALUES (49, 'Missing record', 115, 49, 49);
INSERT INTO FinancialAudit (audit_id, auditor_name, summary, audit_date) VALUES (50, 'Daniel Green', 'Missing record', '2023-07-22');
INSERT INTO Expense (expense_id, amount, status, due_date, description, year, type_id) VALUES (50, 3989.28, 'Unpaid', '2023-02-26', 'Salary', 2026, 5);
INSERT INTO Invoice (invoice_id, recipient, amount, issue_date, status, payment_id) VALUES (50, 'Orna Levi', 1995.53, '2022-01-28', 'Paid', 344);
INSERT INTO AuditRecord (record_id, findings, revenue_id, expense_id, audit_id) VALUES (50, 'Budget deviation', 156, 50, 50);
INSERT INTO FinancialAudit (audit_id, auditor_name, summary, audit_date) VALUES (51, 'Daniel Green', 'Submission delay', '2022-04-02');
INSERT INTO Expense (expense_id, amount, status, due_date, description, year, type_id) VALUES (51, 4838.67, 'Pending', '2022-02-21', 'Services', 2014, 7);
INSERT INTO Invoice (invoice_id, recipient, amount, issue_date, status, payment_id) VALUES (51, 'Avi Cohen', 7642.5, '2021-02-27', 'Unpaid', 80);
INSERT INTO AuditRecord (record_id, findings, revenue_id, expense_id, audit_id) VALUES (51, 'Submission delay', 326, 51, 51);
INSERT INTO FinancialAudit (audit_id, auditor_name, summary, audit_date) VALUES (52, 'Talia Zohar', 'Submission delay', '2022-11-30');
INSERT INTO Expense (expense_id, amount, status, due_date, description, year, type_id) VALUES (52, 3876.38, 'Unpaid', '2021-01-19', 'Water', 2022, 15);
INSERT INTO Invoice (invoice_id, recipient, amount, issue_date, status, payment_id) VALUES (52, 'Orna Levi', 1045.35, '2021-11-15', 'Paid', 106);
INSERT INTO AuditRecord (record_id, findings, revenue_id, expense_id, audit_id) VALUES (52, 'General check', 345, 52, 52);
INSERT INTO FinancialAudit (audit_id, auditor_name, summary, audit_date) VALUES (53, 'Talia Zohar', 'Missing record', '2020-06-05');
INSERT INTO Expense (expense_id, amount, status, due_date, description, year, type_id) VALUES (53, 932.91, 'Unpaid', '2021-09-10', 'Insurance', 2006, 15);
INSERT INTO Invoice (invoice_id, recipient, amount, issue_date, status, payment_id) VALUES (53, 'Daniel Green', 6443.71, '2021-04-17', 'Unpaid', 371);
INSERT INTO AuditRecord (record_id, findings, revenue_id, expense_id, audit_id) VALUES (53, 'General check', 194, 53, 53);
INSERT INTO FinancialAudit (audit_id, auditor_name, summary, audit_date) VALUES (54, 'John Smith', 'Budget deviation', '2022-11-22');
INSERT INTO Expense (expense_id, amount, status, due_date, description, year, type_id) VALUES (54, 4581.94, 'Paid', '2023-04-14', 'Water', 2029, 15);
INSERT INTO Invoice (invoice_id, recipient, amount, issue_date, status, payment_id) VALUES (54, 'John Smith', 3378.89, '2022-12-01', 'Unpaid', 339);
INSERT INTO AuditRecord (record_id, findings, revenue_id, expense_id, audit_id) VALUES (54, 'Submission delay', 198, 54, 54);
INSERT INTO FinancialAudit (audit_id, auditor_name, summary, audit_date) VALUES (55, 'Talia Zohar', 'General check', '2021-03-18');
INSERT INTO Expense (expense_id, amount, status, due_date, description, year, type_id) VALUES (55, 3690.73, 'Pending', '2023-08-24', 'Phone', 2023, 5);
INSERT INTO Invoice (invoice_id, recipient, amount, issue_date, status, payment_id) VALUES (55, 'Daniel Green', 3704.26, '2022-10-28', 'Unpaid', 299);
INSERT INTO AuditRecord (record_id, findings, revenue_id, expense_id, audit_id) VALUES (55, 'General check', 388, 55, 55);
INSERT INTO FinancialAudit (audit_id, auditor_name, summary, audit_date) VALUES (56, 'Avi Cohen', 'Missing record', '2020-02-21');
INSERT INTO Expense (expense_id, amount, status, due_date, description, year, type_id) VALUES (56, 1308.52, 'Pending', '2021-06-30', 'Maintenance', 2003, 6);
INSERT INTO Invoice (invoice_id, recipient, amount, issue_date, status, payment_id) VALUES (56, 'Sarah Cohen', 7173.48, '2022-10-25', 'Paid', 340);
INSERT INTO AuditRecord (record_id, findings, revenue_id, expense_id, audit_id) VALUES (56, 'Unusual amount', 272, 56, 56);
INSERT INTO FinancialAudit (audit_id, auditor_name, summary, audit_date) VALUES (57, 'Daniel Green', 'Document mismatch', '2021-10-01');
INSERT INTO Expense (expense_id, amount, status, due_date, description, year, type_id) VALUES (57, 2710.18, 'Paid', '2021-07-05', 'Equipment', 2010, 14);
INSERT INTO Invoice (invoice_id, recipient, amount, issue_date, status, payment_id) VALUES (57, 'John Smith', 9575.83, '2022-05-10', 'Unpaid', 365);
INSERT INTO AuditRecord (record_id, findings, revenue_id, expense_id, audit_id) VALUES (57, 'Budget deviation', 219, 57, 57);
INSERT INTO FinancialAudit (audit_id, auditor_name, summary, audit_date) VALUES (58, 'Avi Cohen', 'Submission delay', '2020-08-10');
INSERT INTO Expense (expense_id, amount, status, due_date, description, year, type_id) VALUES (58, 716.8, 'Unpaid', '2023-03-30', 'Water', 2014, 11);
INSERT INTO Invoice (invoice_id, recipient, amount, issue_date, status, payment_id) VALUES (58, 'Orna Levi', 8786.94, '2021-06-24', 'Paid', 74);
INSERT INTO AuditRecord (record_id, findings, revenue_id, expense_id, audit_id) VALUES (58, 'Missing record', 377, 58, 58);
INSERT INTO FinancialAudit (audit_id, auditor_name, summary, audit_date) VALUES (59, 'John Smith', 'Document mismatch', '2021-05-30');
INSERT INTO Expense (expense_id, amount, status, due_date, description, year, type_id) VALUES (59, 3668.51, 'Paid', '2023-04-28', 'Printing', 2030, 14);
INSERT INTO Invoice (invoice_id, recipient, amount, issue_date, status, payment_id) VALUES (59, 'Sarah Cohen', 6258.77, '2023-04-27', 'Paid', 38);
INSERT INTO AuditRecord (record_id, findings, revenue_id, expense_id, audit_id) VALUES (59, 'Unusual amount', 317, 59, 59);
INSERT INTO FinancialAudit (audit_id, auditor_name, summary, audit_date) VALUES (60, 'Sarah Cohen', 'Document mismatch', '2021-02-01');
INSERT INTO Expense (expense_id, amount, status, due_date, description, year, type_id) VALUES (60, 3766.49, 'Unpaid', '2021-04-01', 'Insurance', 2016, 7);
INSERT INTO Invoice (invoice_id, recipient, amount, issue_date, status, payment_id) VALUES (60, 'John Smith', 3770.32, '2022-02-22', 'Paid', 145);
INSERT INTO AuditRecord (record_id, findings, revenue_id, expense_id, audit_id) VALUES (60, 'Unusual amount', 166, 60, 60);
INSERT INTO FinancialAudit (audit_id, auditor_name, summary, audit_date) VALUES (61, 'Daniel Green', 'General check', '2020-11-03');
INSERT INTO Expense (expense_id, amount, status, due_date, description, year, type_id) VALUES (61, 3452.65, 'Pending', '2021-11-10', 'Services', 2000, 4);
INSERT INTO Invoice (invoice_id, recipient, amount, issue_date, status, payment_id) VALUES (61, 'Orna Levi', 8397.19, '2021-10-18', 'Unpaid', 146);
INSERT INTO AuditRecord (record_id, findings, revenue_id, expense_id, audit_id) VALUES (61, 'Submission delay', 345, 61, 61);
INSERT INTO FinancialAudit (audit_id, auditor_name, summary, audit_date) VALUES (62, 'Daniel Green', 'Missing record', '2021-02-16');
INSERT INTO Expense (expense_id, amount, status, due_date, description, year, type_id) VALUES (62, 2648.53, 'Pending', '2023-08-09', 'Printing', 2012, 9);
INSERT INTO Invoice (invoice_id, recipient, amount, issue_date, status, payment_id) VALUES (62, 'Sarah Cohen', 4680.95, '2022-11-23', 'Paid', 121);
INSERT INTO AuditRecord (record_id, findings, revenue_id, expense_id, audit_id) VALUES (62, 'Document mismatch', 309, 62, 62);
INSERT INTO FinancialAudit (audit_id, auditor_name, summary, audit_date) VALUES (63, 'Daniel Green', 'Unusual amount', '2020-10-18');
INSERT INTO Expense (expense_id, amount, status, due_date, description, year, type_id) VALUES (63, 2182.82, 'Pending', '2021-10-07', 'Rent', 2011, 11);
INSERT INTO Invoice (invoice_id, recipient, amount, issue_date, status, payment_id) VALUES (63, 'John Smith', 3668.9, '2023-07-15', 'Paid', 91);
INSERT INTO AuditRecord (record_id, findings, revenue_id, expense_id, audit_id) VALUES (63, 'Missing record', 131, 63, 63);
INSERT INTO FinancialAudit (audit_id, auditor_name, summary, audit_date) VALUES (64, 'John Smith', 'Budget deviation', '2020-11-18');
INSERT INTO Expense (expense_id, amount, status, due_date, description, year, type_id) VALUES (64, 881.1, 'Paid', '2021-03-26', 'Rent', 2005, 4);
INSERT INTO Invoice (invoice_id, recipient, amount, issue_date, status, payment_id) VALUES (64, 'Daniel Green', 3332.25, '2021-06-05', 'Paid', 206);
INSERT INTO AuditRecord (record_id, findings, revenue_id, expense_id, audit_id) VALUES (64, 'Submission delay', 8, 64, 64);
INSERT INTO FinancialAudit (audit_id, auditor_name, summary, audit_date) VALUES (65, 'Sarah Cohen', 'Budget deviation', '2023-11-18');
INSERT INTO Expense (expense_id, amount, status, due_date, description, year, type_id) VALUES (65, 4972.5, 'Unpaid', '2022-11-27', 'Maintenance', 2010, 11);
INSERT INTO Invoice (invoice_id, recipient, amount, issue_date, status, payment_id) VALUES (65, 'Orna Levi', 4134.73, '2021-04-19', 'Paid', 312);
INSERT INTO AuditRecord (record_id, findings, revenue_id, expense_id, audit_id) VALUES (65, 'Missing record', 238, 65, 65);
INSERT INTO FinancialAudit (audit_id, auditor_name, summary, audit_date) VALUES (66, 'Sarah Cohen', 'General check', '2022-03-31');
INSERT INTO Expense (expense_id, amount, status, due_date, description, year, type_id) VALUES (66, 2951.72, 'Unpaid', '2022-01-10', 'Software', 2000, 13);
INSERT INTO Invoice (invoice_id, recipient, amount, issue_date, status, payment_id) VALUES (66, 'Avi Cohen', 4288.18, '2021-01-04', 'Unpaid', 333);
INSERT INTO AuditRecord (record_id, findings, revenue_id, expense_id, audit_id) VALUES (66, 'General check', 292, 66, 66);
INSERT INTO FinancialAudit (audit_id, auditor_name, summary, audit_date) VALUES (67, 'Orna Levi', 'Missing record', '2022-05-18');
INSERT INTO Expense (expense_id, amount, status, due_date, description, year, type_id) VALUES (67, 4645.26, 'Pending', '2021-10-15', 'Travel', 2020, 12);
INSERT INTO Invoice (invoice_id, recipient, amount, issue_date, status, payment_id) VALUES (67, 'Talia Zohar', 7230.67, '2021-01-31', 'Paid', 255);
INSERT INTO AuditRecord (record_id, findings, revenue_id, expense_id, audit_id) VALUES (67, 'Unusual amount', 52, 67, 67);
INSERT INTO FinancialAudit (audit_id, auditor_name, summary, audit_date) VALUES (68, 'Orna Levi', 'Unusual amount', '2022-11-23');
INSERT INTO Expense (expense_id, amount, status, due_date, description, year, type_id) VALUES (68, 2949.32, 'Pending', '2022-04-10', 'Salary', 2019, 5);
INSERT INTO Invoice (invoice_id, recipient, amount, issue_date, status, payment_id) VALUES (68, 'John Smith', 4989.84, '2022-04-01', 'Unpaid', 362);
INSERT INTO AuditRecord (record_id, findings, revenue_id, expense_id, audit_id) VALUES (68, 'General check', 143, 68, 68);
INSERT INTO FinancialAudit (audit_id, auditor_name, summary, audit_date) VALUES (69, 'John Smith', 'Budget deviation', '2021-08-12');
INSERT INTO Expense (expense_id, amount, status, due_date, description, year, type_id) VALUES (69, 2312.74, 'Paid', '2022-07-02', 'Electricity', 2020, 8);
INSERT INTO Invoice (invoice_id, recipient, amount, issue_date, status, payment_id) VALUES (69, 'Sarah Cohen', 1488.4, '2023-09-20', 'Paid', 151);
INSERT INTO AuditRecord (record_id, findings, revenue_id, expense_id, audit_id) VALUES (69, 'Budget deviation', 328, 69, 69);
INSERT INTO FinancialAudit (audit_id, auditor_name, summary, audit_date) VALUES (70, 'Orna Levi', 'General check', '2023-05-13');
INSERT INTO Expense (expense_id, amount, status, due_date, description, year, type_id) VALUES (70, 4669.94, 'Unpaid', '2021-01-30', 'Equipment', 2022, 11);
INSERT INTO Invoice (invoice_id, recipient, amount, issue_date, status, payment_id) VALUES (70, 'Orna Levi', 5862.95, '2021-03-11', 'Unpaid', 327);
INSERT INTO AuditRecord (record_id, findings, revenue_id, expense_id, audit_id) VALUES (70, 'General check', 23, 70, 70);
INSERT INTO FinancialAudit (audit_id, auditor_name, summary, audit_date) VALUES (71, 'Talia Zohar', 'Document mismatch', '2020-04-13');
INSERT INTO Expense (expense_id, amount, status, due_date, description, year, type_id) VALUES (71, 920.02, 'Unpaid', '2021-06-23', 'Phone', 2009, 1);
INSERT INTO Invoice (invoice_id, recipient, amount, issue_date, status, payment_id) VALUES (71, 'Talia Zohar', 4421.14, '2023-06-24', 'Paid', 152);
INSERT INTO AuditRecord (record_id, findings, revenue_id, expense_id, audit_id) VALUES (71, 'Submission delay', 367, 71, 71);
INSERT INTO FinancialAudit (audit_id, auditor_name, summary, audit_date) VALUES (72, 'John Smith', 'Unusual amount', '2023-11-08');
INSERT INTO Expense (expense_id, amount, status, due_date, description, year, type_id) VALUES (72, 942.35, 'Pending', '2021-06-05', 'Printing', 2010, 1);
INSERT INTO Invoice (invoice_id, recipient, amount, issue_date, status, payment_id) VALUES (72, 'Sarah Cohen', 5768.36, '2022-07-06', 'Unpaid', 103);
INSERT INTO AuditRecord (record_id, findings, revenue_id, expense_id, audit_id) VALUES (72, 'General check', 165, 72, 72);
INSERT INTO FinancialAudit (audit_id, auditor_name, summary, audit_date) VALUES (73, 'Avi Cohen', 'General check', '2021-11-02');
INSERT INTO Expense (expense_id, amount, status, due_date, description, year, type_id) VALUES (73, 1365.23, 'Paid', '2021-09-15', 'Printing', 2004, 5);
INSERT INTO Invoice (invoice_id, recipient, amount, issue_date, status, payment_id) VALUES (73, 'Talia Zohar', 5180.83, '2022-03-09', 'Unpaid', 190);
INSERT INTO AuditRecord (record_id, findings, revenue_id, expense_id, audit_id) VALUES (73, 'Submission delay', 38, 73, 73);
INSERT INTO FinancialAudit (audit_id, auditor_name, summary, audit_date) VALUES (74, 'Talia Zohar', 'Unusual amount', '2021-04-30');
INSERT INTO Expense (expense_id, amount, status, due_date, description, year, type_id) VALUES (74, 3814.9, 'Pending', '2022-04-05', 'Fuel', 2007, 8);
INSERT INTO Invoice (invoice_id, recipient, amount, issue_date, status, payment_id) VALUES (74, 'John Smith', 6257.09, '2021-06-03', 'Unpaid', 131);
INSERT INTO AuditRecord (record_id, findings, revenue_id, expense_id, audit_id) VALUES (74, 'General check', 237, 74, 74);
INSERT INTO FinancialAudit (audit_id, auditor_name, summary, audit_date) VALUES (75, 'John Smith', 'Unusual amount', '2020-05-16');
INSERT INTO Expense (expense_id, amount, status, due_date, description, year, type_id) VALUES (75, 4646.21, 'Unpaid', '2023-06-09', 'Fuel', 2018, 8);
INSERT INTO Invoice (invoice_id, recipient, amount, issue_date, status, payment_id) VALUES (75, 'Sarah Cohen', 775.09, '2021-11-02', 'Paid', 67);
INSERT INTO AuditRecord (record_id, findings, revenue_id, expense_id, audit_id) VALUES (75, 'Submission delay', 356, 75, 75);
INSERT INTO FinancialAudit (audit_id, auditor_name, summary, audit_date) VALUES (76, 'Talia Zohar', 'Submission delay', '2022-03-07');
INSERT INTO Expense (expense_id, amount, status, due_date, description, year, type_id) VALUES (76, 4205.41, 'Pending', '2022-08-02', 'Salary', 2026, 12);
INSERT INTO Invoice (invoice_id, recipient, amount, issue_date, status, payment_id) VALUES (76, 'Sarah Cohen', 4071.4, '2023-03-01', 'Paid', 377);
INSERT INTO AuditRecord (record_id, findings, revenue_id, expense_id, audit_id) VALUES (76, 'Submission delay', 130, 76, 76);
INSERT INTO FinancialAudit (audit_id, auditor_name, summary, audit_date) VALUES (77, 'John Smith', 'Missing record', '2023-05-16');
INSERT INTO Expense (expense_id, amount, status, due_date, description, year, type_id) VALUES (77, 4115.93, 'Pending', '2022-05-10', 'Repair', 2000, 14);
INSERT INTO Invoice (invoice_id, recipient, amount, issue_date, status, payment_id) VALUES (77, 'Daniel Green', 8527.71, '2022-12-06', 'Unpaid', 56);
INSERT INTO AuditRecord (record_id, findings, revenue_id, expense_id, audit_id) VALUES (77, 'Document mismatch', 183, 77, 77);
INSERT INTO FinancialAudit (audit_id, auditor_name, summary, audit_date) VALUES (78, 'John Smith', 'General check', '2023-10-13');
INSERT INTO Expense (expense_id, amount, status, due_date, description, year, type_id) VALUES (78, 1605.21, 'Paid', '2022-11-29', 'Equipment', 2024, 2);
INSERT INTO Invoice (invoice_id, recipient, amount, issue_date, status, payment_id) VALUES (78, 'Sarah Cohen', 6204.08, '2023-04-22', 'Unpaid', 140);
INSERT INTO AuditRecord (record_id, findings, revenue_id, expense_id, audit_id) VALUES (78, 'Missing record', 170, 78, 78);
INSERT INTO FinancialAudit (audit_id, auditor_name, summary, audit_date) VALUES (79, 'Sarah Cohen', 'General check', '2023-08-26');
INSERT INTO Expense (expense_id, amount, status, due_date, description, year, type_id) VALUES (79, 3665.06, 'Unpaid', '2022-02-15', 'Water', 2016, 13);
INSERT INTO Invoice (invoice_id, recipient, amount, issue_date, status, payment_id) VALUES (79, 'Daniel Green', 7451.21, '2023-08-19', 'Unpaid', 66);
INSERT INTO AuditRecord (record_id, findings, revenue_id, expense_id, audit_id) VALUES (79, 'Missing record', 381, 79, 79);
INSERT INTO FinancialAudit (audit_id, auditor_name, summary, audit_date) VALUES (80, 'Orna Levi', 'General check', '2020-10-10');
INSERT INTO Expense (expense_id, amount, status, due_date, description, year, type_id) VALUES (80, 4655.61, 'Paid', '2023-07-11', 'Services', 2005, 4);
INSERT INTO Invoice (invoice_id, recipient, amount, issue_date, status, payment_id) VALUES (80, 'Daniel Green', 3309.76, '2022-09-17', 'Paid', 280);
INSERT INTO AuditRecord (record_id, findings, revenue_id, expense_id, audit_id) VALUES (80, 'General check', 22, 80, 80);
INSERT INTO FinancialAudit (audit_id, auditor_name, summary, audit_date) VALUES (81, 'Avi Cohen', 'Budget deviation', '2021-08-06');
INSERT INTO Expense (expense_id, amount, status, due_date, description, year, type_id) VALUES (81, 3221.19, 'Pending', '2022-05-04', 'Insurance', 2010, 11);
INSERT INTO Invoice (invoice_id, recipient, amount, issue_date, status, payment_id) VALUES (81, 'John Smith', 1940.94, '2021-02-03', 'Unpaid', 363);
INSERT INTO AuditRecord (record_id, findings, revenue_id, expense_id, audit_id) VALUES (81, 'Submission delay', 205, 81, 81);
INSERT INTO FinancialAudit (audit_id, auditor_name, summary, audit_date) VALUES (82, 'John Smith', 'Unusual amount', '2021-07-26');
INSERT INTO Expense (expense_id, amount, status, due_date, description, year, type_id) VALUES (82, 1391.61, 'Unpaid', '2022-05-02', 'Salary', 2015, 10);
INSERT INTO Invoice (invoice_id, recipient, amount, issue_date, status, payment_id) VALUES (82, 'John Smith', 7014.59, '2022-03-20', 'Paid', 328);
INSERT INTO AuditRecord (record_id, findings, revenue_id, expense_id, audit_id) VALUES (82, 'Document mismatch', 387, 82, 82);
INSERT INTO FinancialAudit (audit_id, auditor_name, summary, audit_date) VALUES (83, 'Sarah Cohen', 'General check', '2022-09-29');
INSERT INTO Expense (expense_id, amount, status, due_date, description, year, type_id) VALUES (83, 3068.98, 'Paid', '2021-09-15', 'Phone', 2030, 8);
INSERT INTO Invoice (invoice_id, recipient, amount, issue_date, status, payment_id) VALUES (83, 'Orna Levi', 6098.95, '2023-08-02', 'Unpaid', 16);
INSERT INTO AuditRecord (record_id, findings, revenue_id, expense_id, audit_id) VALUES (83, 'Submission delay', 352, 83, 83);
INSERT INTO FinancialAudit (audit_id, auditor_name, summary, audit_date) VALUES (84, 'John Smith', 'Document mismatch', '2022-03-23');
INSERT INTO Expense (expense_id, amount, status, due_date, description, year, type_id) VALUES (84, 1226.32, 'Paid', '2023-04-10', 'Software', 2006, 6);
INSERT INTO Invoice (invoice_id, recipient, amount, issue_date, status, payment_id) VALUES (84, 'John Smith', 9740.13, '2022-11-01', 'Unpaid', 9);
INSERT INTO AuditRecord (record_id, findings, revenue_id, expense_id, audit_id) VALUES (84, 'Budget deviation', 147, 84, 84);
INSERT INTO FinancialAudit (audit_id, auditor_name, summary, audit_date) VALUES (85, 'Talia Zohar', 'General check', '2023-05-08');
INSERT INTO Expense (expense_id, amount, status, due_date, description, year, type_id) VALUES (85, 841.36, 'Pending', '2021-12-16', 'Software', 2027, 6);
INSERT INTO Invoice (invoice_id, recipient, amount, issue_date, status, payment_id) VALUES (85, 'Sarah Cohen', 7349.92, '2022-12-12', 'Unpaid', 326);
INSERT INTO AuditRecord (record_id, findings, revenue_id, expense_id, audit_id) VALUES (85, 'Budget deviation', 337, 85, 85);
INSERT INTO FinancialAudit (audit_id, auditor_name, summary, audit_date) VALUES (86, 'John Smith', 'Missing record', '2022-09-01');
INSERT INTO Expense (expense_id, amount, status, due_date, description, year, type_id) VALUES (86, 3860.7, 'Pending', '2023-05-07', 'Maintenance', 2013, 13);
INSERT INTO Invoice (invoice_id, recipient, amount, issue_date, status, payment_id) VALUES (86, 'Orna Levi', 1091.03, '2021-03-13', 'Unpaid', 179);
INSERT INTO AuditRecord (record_id, findings, revenue_id, expense_id, audit_id) VALUES (86, 'Submission delay', 265, 86, 86);
INSERT INTO FinancialAudit (audit_id, auditor_name, summary, audit_date) VALUES (87, 'Sarah Cohen', 'Missing record', '2023-12-11');
INSERT INTO Expense (expense_id, amount, status, due_date, description, year, type_id) VALUES (87, 2727.8, 'Paid', '2022-08-16', 'Software', 2027, 12);
INSERT INTO Invoice (invoice_id, recipient, amount, issue_date, status, payment_id) VALUES (87, 'Sarah Cohen', 2254.92, '2021-04-08', 'Paid', 61);
INSERT INTO AuditRecord (record_id, findings, revenue_id, expense_id, audit_id) VALUES (87, 'Document mismatch', 370, 87, 87);
INSERT INTO FinancialAudit (audit_id, auditor_name, summary, audit_date) VALUES (88, 'Sarah Cohen', 'Missing record', '2022-07-31');
INSERT INTO Expense (expense_id, amount, status, due_date, description, year, type_id) VALUES (88, 4601.12, 'Pending', '2023-08-23', 'Services', 2028, 1);
INSERT INTO Invoice (invoice_id, recipient, amount, issue_date, status, payment_id) VALUES (88, 'Avi Cohen', 6916.85, '2023-04-07', 'Paid', 194);
INSERT INTO AuditRecord (record_id, findings, revenue_id, expense_id, audit_id) VALUES (88, 'General check', 134, 88, 88);
INSERT INTO FinancialAudit (audit_id, auditor_name, summary, audit_date) VALUES (89, 'John Smith', 'Unusual amount', '2022-07-12');
INSERT INTO Expense (expense_id, amount, status, due_date, description, year, type_id) VALUES (89, 2474.94, 'Pending', '2021-08-13', 'Services', 2030, 9);
INSERT INTO Invoice (invoice_id, recipient, amount, issue_date, status, payment_id) VALUES (89, 'Avi Cohen', 853.11, '2023-03-09', 'Paid', 272);
INSERT INTO AuditRecord (record_id, findings, revenue_id, expense_id, audit_id) VALUES (89, 'Missing record', 126, 89, 89);
INSERT INTO FinancialAudit (audit_id, auditor_name, summary, audit_date) VALUES (90, 'John Smith', 'Submission delay', '2023-10-12');
INSERT INTO Expense (expense_id, amount, status, due_date, description, year, type_id) VALUES (90, 1736.31, 'Pending', '2023-06-30', 'Fuel', 2016, 13);
INSERT INTO Invoice (invoice_id, recipient, amount, issue_date, status, payment_id) VALUES (90, 'John Smith', 9127.96, '2022-05-11', 'Paid', 227);
INSERT INTO AuditRecord (record_id, findings, revenue_id, expense_id, audit_id) VALUES (90, 'Unusual amount', 368, 90, 90);
INSERT INTO FinancialAudit (audit_id, auditor_name, summary, audit_date) VALUES (91, 'Avi Cohen', 'Submission delay', '2022-02-04');
INSERT INTO Expense (expense_id, amount, status, due_date, description, year, type_id) VALUES (91, 569.78, 'Paid', '2023-07-10', 'Rent', 2007, 4);
INSERT INTO Invoice (invoice_id, recipient, amount, issue_date, status, payment_id) VALUES (91, 'Orna Levi', 8028.83, '2021-06-04', 'Unpaid', 320);
INSERT INTO AuditRecord (record_id, findings, revenue_id, expense_id, audit_id) VALUES (91, 'Budget deviation', 262, 91, 91);
INSERT INTO FinancialAudit (audit_id, auditor_name, summary, audit_date) VALUES (92, 'Talia Zohar', 'Missing record', '2020-02-20');
INSERT INTO Expense (expense_id, amount, status, due_date, description, year, type_id) VALUES (92, 1870.94, 'Paid', '2021-09-18', 'Salary', 2018, 10);
INSERT INTO Invoice (invoice_id, recipient, amount, issue_date, status, payment_id) VALUES (92, 'John Smith', 7256.08, '2021-08-02', 'Paid', 43);
INSERT INTO AuditRecord (record_id, findings, revenue_id, expense_id, audit_id) VALUES (92, 'Unusual amount', 290, 92, 92);
INSERT INTO FinancialAudit (audit_id, auditor_name, summary, audit_date) VALUES (93, 'Daniel Green', 'Unusual amount', '2021-04-21');
INSERT INTO Expense (expense_id, amount, status, due_date, description, year, type_id) VALUES (93, 4282.98, 'Paid', '2021-12-19', 'Electricity', 2029, 1);
INSERT INTO Invoice (invoice_id, recipient, amount, issue_date, status, payment_id) VALUES (93, 'Sarah Cohen', 5802.31, '2021-11-07', 'Paid', 168);
INSERT INTO AuditRecord (record_id, findings, revenue_id, expense_id, audit_id) VALUES (93, 'Budget deviation', 5, 93, 93);
INSERT INTO FinancialAudit (audit_id, auditor_name, summary, audit_date) VALUES (94, 'John Smith', 'General check', '2022-05-30');
INSERT INTO Expense (expense_id, amount, status, due_date, description, year, type_id) VALUES (94, 3378.66, 'Unpaid', '2023-04-30', 'Repair', 2026, 13);
INSERT INTO Invoice (invoice_id, recipient, amount, issue_date, status, payment_id) VALUES (94, 'John Smith', 4794.05, '2022-08-26', 'Unpaid', 394);
INSERT INTO AuditRecord (record_id, findings, revenue_id, expense_id, audit_id) VALUES (94, 'Budget deviation', 262, 94, 94);
INSERT INTO FinancialAudit (audit_id, auditor_name, summary, audit_date) VALUES (95, 'John Smith', 'Budget deviation', '2022-08-18');
INSERT INTO Expense (expense_id, amount, status, due_date, description, year, type_id) VALUES (95, 823.9, 'Pending', '2022-09-15', 'Water', 2024, 8);
INSERT INTO Invoice (invoice_id, recipient, amount, issue_date, status, payment_id) VALUES (95, 'Avi Cohen', 6379.11, '2021-03-16', 'Unpaid', 197);
INSERT INTO AuditRecord (record_id, findings, revenue_id, expense_id, audit_id) VALUES (95, 'Submission delay', 358, 95, 95);
INSERT INTO FinancialAudit (audit_id, auditor_name, summary, audit_date) VALUES (96, 'John Smith', 'Unusual amount', '2021-03-15');
INSERT INTO Expense (expense_id, amount, status, due_date, description, year, type_id) VALUES (96, 3717.5, 'Paid', '2022-06-05', 'Electricity', 2015, 1);
INSERT INTO Invoice (invoice_id, recipient, amount, issue_date, status, payment_id) VALUES (96, 'Avi Cohen', 8788.95, '2021-06-25', 'Unpaid', 85);
INSERT INTO AuditRecord (record_id, findings, revenue_id, expense_id, audit_id) VALUES (96, 'Unusual amount', 284, 96, 96);
INSERT INTO FinancialAudit (audit_id, auditor_name, summary, audit_date) VALUES (97, 'Orna Levi', 'General check', '2022-06-18');
INSERT INTO Expense (expense_id, amount, status, due_date, description, year, type_id) VALUES (97, 4043.61, 'Paid', '2023-06-29', 'Repair', 2021, 11);
INSERT INTO Invoice (invoice_id, recipient, amount, issue_date, status, payment_id) VALUES (97, 'Daniel Green', 9925.7, '2023-01-05', 'Unpaid', 40);
INSERT INTO AuditRecord (record_id, findings, revenue_id, expense_id, audit_id) VALUES (97, 'Document mismatch', 188, 97, 97);
INSERT INTO FinancialAudit (audit_id, auditor_name, summary, audit_date) VALUES (98, 'John Smith', 'Submission delay', '2020-12-05');
INSERT INTO Expense (expense_id, amount, status, due_date, description, year, type_id) VALUES (98, 3975.25, 'Unpaid', '2022-09-05', 'Salary', 2011, 13);
INSERT INTO Invoice (invoice_id, recipient, amount, issue_date, status, payment_id) VALUES (98, 'Avi Cohen', 2160.44, '2022-11-19', 'Unpaid', 44);
INSERT INTO AuditRecord (record_id, findings, revenue_id, expense_id, audit_id) VALUES (98, 'Missing record', 132, 98, 98);
INSERT INTO FinancialAudit (audit_id, auditor_name, summary, audit_date) VALUES (99, 'Avi Cohen', 'Submission delay', '2023-03-28');
INSERT INTO Expense (expense_id, amount, status, due_date, description, year, type_id) VALUES (99, 229.33, 'Pending', '2021-05-16', 'Software', 2009, 13);
INSERT INTO Invoice (invoice_id, recipient, amount, issue_date, status, payment_id) VALUES (99, 'Avi Cohen', 2777.5, '2022-09-06', 'Unpaid', 306);
INSERT INTO AuditRecord (record_id, findings, revenue_id, expense_id, audit_id) VALUES (99, 'Missing record', 119, 99, 99);
INSERT INTO FinancialAudit (audit_id, auditor_name, summary, audit_date) VALUES (100, 'Sarah Cohen', 'Missing record', '2022-07-09');
INSERT INTO Expense (expense_id, amount, status, due_date, description, year, type_id) VALUES (100, 1407.38, 'Paid', '2022-01-04', 'Salary', 2009, 2);
INSERT INTO Invoice (invoice_id, recipient, amount, issue_date, status, payment_id) VALUES (100, 'Orna Levi', 7942.72, '2021-07-20', 'Unpaid', 6);
INSERT INTO AuditRecord (record_id, findings, revenue_id, expense_id, audit_id) VALUES (100, 'Unusual amount', 203, 100, 100);
INSERT INTO FinancialAudit (audit_id, auditor_name, summary, audit_date) VALUES (101, 'Avi Cohen', 'Unusual amount', '2021-02-20');
INSERT INTO Expense (expense_id, amount, status, due_date, description, year, type_id) VALUES (101, 4870.08, 'Unpaid', '2021-08-20', 'Services', 2021, 1);
INSERT INTO Invoice (invoice_id, recipient, amount, issue_date, status, payment_id) VALUES (101, 'Sarah Cohen', 1247.9, '2023-08-04', 'Unpaid', 338);
INSERT INTO AuditRecord (record_id, findings, revenue_id, expense_id, audit_id) VALUES (101, 'Budget deviation', 195, 101, 101);
INSERT INTO FinancialAudit (audit_id, auditor_name, summary, audit_date) VALUES (102, 'John Smith', 'Missing record', '2021-07-10');
INSERT INTO Expense (expense_id, amount, status, due_date, description, year, type_id) VALUES (102, 3604.4, 'Paid', '2023-03-08', 'Fuel', 2002, 1);
INSERT INTO Invoice (invoice_id, recipient, amount, issue_date, status, payment_id) VALUES (102, 'Sarah Cohen', 5806.57, '2023-08-19', 'Unpaid', 52);
INSERT INTO AuditRecord (record_id, findings, revenue_id, expense_id, audit_id) VALUES (102, 'Budget deviation', 110, 102, 102);
INSERT INTO FinancialAudit (audit_id, auditor_name, summary, audit_date) VALUES (103, 'Orna Levi', 'Missing record', '2023-01-09');
INSERT INTO Expense (expense_id, amount, status, due_date, description, year, type_id) VALUES (103, 3450.69, 'Paid', '2023-03-15', 'Printing', 2025, 3);
INSERT INTO Invoice (invoice_id, recipient, amount, issue_date, status, payment_id) VALUES (103, 'Daniel Green', 8244.35, '2022-05-19', 'Paid', 362);
INSERT INTO AuditRecord (record_id, findings, revenue_id, expense_id, audit_id) VALUES (103, 'Missing record', 85, 103, 103);
INSERT INTO FinancialAudit (audit_id, auditor_name, summary, audit_date) VALUES (104, 'Talia Zohar', 'Unusual amount', '2022-03-31');
INSERT INTO Expense (expense_id, amount, status, due_date, description, year, type_id) VALUES (104, 1840.12, 'Unpaid', '2021-07-31', 'Equipment', 2011, 5);
INSERT INTO Invoice (invoice_id, recipient, amount, issue_date, status, payment_id) VALUES (104, 'Daniel Green', 7748.32, '2021-01-07', 'Paid', 262);
INSERT INTO AuditRecord (record_id, findings, revenue_id, expense_id, audit_id) VALUES (104, 'Document mismatch', 280, 104, 104);
INSERT INTO FinancialAudit (audit_id, auditor_name, summary, audit_date) VALUES (105, 'John Smith', 'Unusual amount', '2020-06-22');
INSERT INTO Expense (expense_id, amount, status, due_date, description, year, type_id) VALUES (105, 512.42, 'Pending', '2021-11-05', 'Hardware', 2025, 1);
INSERT INTO Invoice (invoice_id, recipient, amount, issue_date, status, payment_id) VALUES (105, 'Talia Zohar', 6290.58, '2022-12-30', 'Paid', 243);
INSERT INTO AuditRecord (record_id, findings, revenue_id, expense_id, audit_id) VALUES (105, 'General check', 317, 105, 105);
INSERT INTO FinancialAudit (audit_id, auditor_name, summary, audit_date) VALUES (106, 'Avi Cohen', 'General check', '2020-02-01');
INSERT INTO Expense (expense_id, amount, status, due_date, description, year, type_id) VALUES (106, 3123.57, 'Pending', '2022-11-05', 'Equipment', 2003, 10);
INSERT INTO Invoice (invoice_id, recipient, amount, issue_date, status, payment_id) VALUES (106, 'Talia Zohar', 8617.8, '2022-03-08', 'Unpaid', 40);
INSERT INTO AuditRecord (record_id, findings, revenue_id, expense_id, audit_id) VALUES (106, 'Submission delay', 326, 106, 106);
INSERT INTO FinancialAudit (audit_id, auditor_name, summary, audit_date) VALUES (107, 'Sarah Cohen', 'Missing record', '2022-11-26');
INSERT INTO Expense (expense_id, amount, status, due_date, description, year, type_id) VALUES (107, 638.3, 'Unpaid', '2022-01-26', 'Repair', 2028, 5);
INSERT INTO Invoice (invoice_id, recipient, amount, issue_date, status, payment_id) VALUES (107, 'John Smith', 9261.49, '2022-07-18', 'Paid', 352);
INSERT INTO AuditRecord (record_id, findings, revenue_id, expense_id, audit_id) VALUES (107, 'Submission delay', 156, 107, 107);
INSERT INTO FinancialAudit (audit_id, auditor_name, summary, audit_date) VALUES (108, 'Talia Zohar', 'Document mismatch', '2020-08-10');
INSERT INTO Expense (expense_id, amount, status, due_date, description, year, type_id) VALUES (108, 4126.71, 'Paid', '2022-03-05', 'Insurance', 2003, 14);
INSERT INTO Invoice (invoice_id, recipient, amount, issue_date, status, payment_id) VALUES (108, 'Avi Cohen', 7447.72, '2022-07-31', 'Unpaid', 249);
INSERT INTO AuditRecord (record_id, findings, revenue_id, expense_id, audit_id) VALUES (108, 'Missing record', 212, 108, 108);
INSERT INTO FinancialAudit (audit_id, auditor_name, summary, audit_date) VALUES (109, 'Talia Zohar', 'Submission delay', '2023-08-19');
INSERT INTO Expense (expense_id, amount, status, due_date, description, year, type_id) VALUES (109, 3647.48, 'Paid', '2022-01-04', 'Software', 2026, 13);
INSERT INTO Invoice (invoice_id, recipient, amount, issue_date, status, payment_id) VALUES (109, 'John Smith', 8536.31, '2023-08-06', 'Paid', 77);
INSERT INTO AuditRecord (record_id, findings, revenue_id, expense_id, audit_id) VALUES (109, 'Document mismatch', 11, 109, 109);
INSERT INTO FinancialAudit (audit_id, auditor_name, summary, audit_date) VALUES (110, 'Sarah Cohen', 'Unusual amount', '2022-02-05');
INSERT INTO Expense (expense_id, amount, status, due_date, description, year, type_id) VALUES (110, 3958.66, 'Paid', '2023-07-30', 'Water', 2003, 7);
INSERT INTO Invoice (invoice_id, recipient, amount, issue_date, status, payment_id) VALUES (110, 'Orna Levi', 299.21, '2022-08-02', 'Unpaid', 221);
INSERT INTO AuditRecord (record_id, findings, revenue_id, expense_id, audit_id) VALUES (110, 'Document mismatch', 287, 110, 110);
INSERT INTO FinancialAudit (audit_id, auditor_name, summary, audit_date) VALUES (111, 'John Smith', 'Missing record', '2022-09-12');
INSERT INTO Expense (expense_id, amount, status, due_date, description, year, type_id) VALUES (111, 523.96, 'Unpaid', '2023-02-10', 'Printing', 2023, 2);
INSERT INTO Invoice (invoice_id, recipient, amount, issue_date, status, payment_id) VALUES (111, 'Talia Zohar', 3795.51, '2023-09-22', 'Paid', 316);
INSERT INTO AuditRecord (record_id, findings, revenue_id, expense_id, audit_id) VALUES (111, 'Budget deviation', 312, 111, 111);
INSERT INTO FinancialAudit (audit_id, auditor_name, summary, audit_date) VALUES (112, 'John Smith', 'Unusual amount', '2023-07-04');
INSERT INTO Expense (expense_id, amount, status, due_date, description, year, type_id) VALUES (112, 4790.13, 'Paid', '2021-08-11', 'Fuel', 2015, 8);
INSERT INTO Invoice (invoice_id, recipient, amount, issue_date, status, payment_id) VALUES (112, 'Orna Levi', 6197.76, '2022-04-13', 'Paid', 305);
INSERT INTO AuditRecord (record_id, findings, revenue_id, expense_id, audit_id) VALUES (112, 'Budget deviation', 326, 112, 112);
INSERT INTO FinancialAudit (audit_id, auditor_name, summary, audit_date) VALUES (113, 'Daniel Green', 'Budget deviation', '2020-12-31');
INSERT INTO Expense (expense_id, amount, status, due_date, description, year, type_id) VALUES (113, 4357.14, 'Unpaid', '2023-08-18', 'Travel', 2004, 2);
INSERT INTO Invoice (invoice_id, recipient, amount, issue_date, status, payment_id) VALUES (113, 'Orna Levi', 620.1, '2023-04-28', 'Paid', 393);
INSERT INTO AuditRecord (record_id, findings, revenue_id, expense_id, audit_id) VALUES (113, 'Submission delay', 387, 113, 113);
INSERT INTO FinancialAudit (audit_id, auditor_name, summary, audit_date) VALUES (114, 'Sarah Cohen', 'Unusual amount', '2020-06-12');
INSERT INTO Expense (expense_id, amount, status, due_date, description, year, type_id) VALUES (114, 3042.78, 'Unpaid', '2021-08-29', 'Salary', 2027, 5);
INSERT INTO Invoice (invoice_id, recipient, amount, issue_date, status, payment_id) VALUES (114, 'Sarah Cohen', 5564.63, '2023-02-15', 'Paid', 224);
INSERT INTO AuditRecord (record_id, findings, revenue_id, expense_id, audit_id) VALUES (114, 'General check', 69, 114, 114);
INSERT INTO FinancialAudit (audit_id, auditor_name, summary, audit_date) VALUES (115, 'Avi Cohen', 'Submission delay', '2022-02-08');
INSERT INTO Expense (expense_id, amount, status, due_date, description, year, type_id) VALUES (115, 2937.5, 'Pending', '2023-01-19', 'Printing', 2015, 13);
INSERT INTO Invoice (invoice_id, recipient, amount, issue_date, status, payment_id) VALUES (115, 'John Smith', 5822.26, '2022-10-29', 'Paid', 193);
INSERT INTO AuditRecord (record_id, findings, revenue_id, expense_id, audit_id) VALUES (115, 'Budget deviation', 129, 115, 115);
INSERT INTO FinancialAudit (audit_id, auditor_name, summary, audit_date) VALUES (116, 'Orna Levi', 'Document mismatch', '2022-01-23');
INSERT INTO Expense (expense_id, amount, status, due_date, description, year, type_id) VALUES (116, 2644.16, 'Paid', '2021-09-01', 'Maintenance', 2027, 4);
INSERT INTO Invoice (invoice_id, recipient, amount, issue_date, status, payment_id) VALUES (116, 'Orna Levi', 637.57, '2021-05-26', 'Unpaid', 293);
INSERT INTO AuditRecord (record_id, findings, revenue_id, expense_id, audit_id) VALUES (116, 'General check', 58, 116, 116);
INSERT INTO FinancialAudit (audit_id, auditor_name, summary, audit_date) VALUES (117, 'Orna Levi', 'Document mismatch', '2023-03-26');
INSERT INTO Expense (expense_id, amount, status, due_date, description, year, type_id) VALUES (117, 759.05, 'Paid', '2021-08-23', 'Phone', 2016, 5);
INSERT INTO Invoice (invoice_id, recipient, amount, issue_date, status, payment_id) VALUES (117, 'Orna Levi', 5338.17, '2022-08-09', 'Paid', 307);
INSERT INTO AuditRecord (record_id, findings, revenue_id, expense_id, audit_id) VALUES (117, 'General check', 76, 117, 117);
INSERT INTO FinancialAudit (audit_id, auditor_name, summary, audit_date) VALUES (118, 'Talia Zohar', 'Document mismatch', '2021-04-10');
INSERT INTO Expense (expense_id, amount, status, due_date, description, year, type_id) VALUES (118, 3577.47, 'Pending', '2021-02-13', 'Printing', 2025, 12);
INSERT INTO Invoice (invoice_id, recipient, amount, issue_date, status, payment_id) VALUES (118, 'Avi Cohen', 2608.6, '2022-11-01', 'Paid', 200);
INSERT INTO AuditRecord (record_id, findings, revenue_id, expense_id, audit_id) VALUES (118, 'General check', 48, 118, 118);
INSERT INTO FinancialAudit (audit_id, auditor_name, summary, audit_date) VALUES (119, 'Avi Cohen', 'General check', '2020-03-06');
INSERT INTO Expense (expense_id, amount, status, due_date, description, year, type_id) VALUES (119, 832.94, 'Paid', '2021-04-20', 'Equipment', 2010, 2);
INSERT INTO Invoice (invoice_id, recipient, amount, issue_date, status, payment_id) VALUES (119, 'Avi Cohen', 7949.29, '2022-04-12', 'Unpaid', 204);
INSERT INTO AuditRecord (record_id, findings, revenue_id, expense_id, audit_id) VALUES (119, 'Missing record', 272, 119, 119);
INSERT INTO FinancialAudit (audit_id, auditor_name, summary, audit_date) VALUES (120, 'Talia Zohar', 'Missing record', '2020-03-29');
INSERT INTO Expense (expense_id, amount, status, due_date, description, year, type_id) VALUES (120, 3383.95, 'Unpaid', '2023-05-02', 'Maintenance', 2002, 1);
INSERT INTO Invoice (invoice_id, recipient, amount, issue_date, status, payment_id) VALUES (120, 'Orna Levi', 3269.51, '2021-09-17', 'Unpaid', 104);
INSERT INTO AuditRecord (record_id, findings, revenue_id, expense_id, audit_id) VALUES (120, 'General check', 372, 120, 120);
INSERT INTO FinancialAudit (audit_id, auditor_name, summary, audit_date) VALUES (121, 'Talia Zohar', 'Document mismatch', '2021-12-11');
INSERT INTO Expense (expense_id, amount, status, due_date, description, year, type_id) VALUES (121, 529.06, 'Unpaid', '2021-01-17', 'Travel', 2028, 5);
INSERT INTO Invoice (invoice_id, recipient, amount, issue_date, status, payment_id) VALUES (121, 'John Smith', 7530.41, '2023-08-26', 'Paid', 300);
INSERT INTO AuditRecord (record_id, findings, revenue_id, expense_id, audit_id) VALUES (121, 'Budget deviation', 252, 121, 121);
INSERT INTO FinancialAudit (audit_id, auditor_name, summary, audit_date) VALUES (122, 'Talia Zohar', 'Budget deviation', '2022-07-04');
INSERT INTO Expense (expense_id, amount, status, due_date, description, year, type_id) VALUES (122, 2234.67, 'Pending', '2022-08-06', 'Insurance', 2023, 15);
INSERT INTO Invoice (invoice_id, recipient, amount, issue_date, status, payment_id) VALUES (122, 'Talia Zohar', 3109.04, '2023-01-31', 'Unpaid', 306);
INSERT INTO AuditRecord (record_id, findings, revenue_id, expense_id, audit_id) VALUES (122, 'Document mismatch', 193, 122, 122);
INSERT INTO FinancialAudit (audit_id, auditor_name, summary, audit_date) VALUES (123, 'John Smith', 'Missing record', '2022-08-01');
INSERT INTO Expense (expense_id, amount, status, due_date, description, year, type_id) VALUES (123, 1619.35, 'Pending', '2022-06-14', 'Water', 2007, 6);
INSERT INTO Invoice (invoice_id, recipient, amount, issue_date, status, payment_id) VALUES (123, 'Avi Cohen', 2616.8, '2021-02-26', 'Unpaid', 325);
INSERT INTO AuditRecord (record_id, findings, revenue_id, expense_id, audit_id) VALUES (123, 'Document mismatch', 314, 123, 123);
INSERT INTO FinancialAudit (audit_id, auditor_name, summary, audit_date) VALUES (124, 'Sarah Cohen', 'Document mismatch', '2023-08-22');
INSERT INTO Expense (expense_id, amount, status, due_date, description, year, type_id) VALUES (124, 3468.64, 'Unpaid', '2023-05-14', 'Salary', 2023, 3);
INSERT INTO Invoice (invoice_id, recipient, amount, issue_date, status, payment_id) VALUES (124, 'Orna Levi', 4633.44, '2021-01-24', 'Paid', 46);
INSERT INTO AuditRecord (record_id, findings, revenue_id, expense_id, audit_id) VALUES (124, 'General check', 68, 124, 124);
INSERT INTO FinancialAudit (audit_id, auditor_name, summary, audit_date) VALUES (125, 'Daniel Green', 'Unusual amount', '2023-01-20');
INSERT INTO Expense (expense_id, amount, status, due_date, description, year, type_id) VALUES (125, 4619.14, 'Paid', '2022-12-21', 'Electricity', 2028, 8);
INSERT INTO Invoice (invoice_id, recipient, amount, issue_date, status, payment_id) VALUES (125, 'Avi Cohen', 7008.76, '2021-03-27', 'Paid', 294);
INSERT INTO AuditRecord (record_id, findings, revenue_id, expense_id, audit_id) VALUES (125, 'Missing record', 384, 125, 125);
INSERT INTO FinancialAudit (audit_id, auditor_name, summary, audit_date) VALUES (126, 'Daniel Green', 'General check', '2023-03-07');
INSERT INTO Expense (expense_id, amount, status, due_date, description, year, type_id) VALUES (126, 4252.64, 'Unpaid', '2023-05-20', 'Fuel', 2000, 6);
INSERT INTO Invoice (invoice_id, recipient, amount, issue_date, status, payment_id) VALUES (126, 'Sarah Cohen', 279.77, '2023-09-07', 'Unpaid', 367);
INSERT INTO AuditRecord (record_id, findings, revenue_id, expense_id, audit_id) VALUES (126, 'Budget deviation', 251, 126, 126);
INSERT INTO FinancialAudit (audit_id, auditor_name, summary, audit_date) VALUES (127, 'Daniel Green', 'Document mismatch', '2021-06-05');
INSERT INTO Expense (expense_id, amount, status, due_date, description, year, type_id) VALUES (127, 3357.73, 'Pending', '2022-12-15', 'Equipment', 2014, 8);
INSERT INTO Invoice (invoice_id, recipient, amount, issue_date, status, payment_id) VALUES (127, 'Talia Zohar', 1203.12, '2022-07-03', 'Paid', 47);
INSERT INTO AuditRecord (record_id, findings, revenue_id, expense_id, audit_id) VALUES (127, 'Document mismatch', 50, 127, 127);
INSERT INTO FinancialAudit (audit_id, auditor_name, summary, audit_date) VALUES (128, 'John Smith', 'Budget deviation', '2022-10-16');
INSERT INTO Expense (expense_id, amount, status, due_date, description, year, type_id) VALUES (128, 1074.0, 'Unpaid', '2022-06-03', 'Water', 2021, 2);
INSERT INTO Invoice (invoice_id, recipient, amount, issue_date, status, payment_id) VALUES (128, 'Daniel Green', 6505.06, '2021-09-16', 'Unpaid', 156);
INSERT INTO AuditRecord (record_id, findings, revenue_id, expense_id, audit_id) VALUES (128, 'Submission delay', 58, 128, 128);
INSERT INTO FinancialAudit (audit_id, auditor_name, summary, audit_date) VALUES (129, 'Avi Cohen', 'Missing record', '2020-12-04');
INSERT INTO Expense (expense_id, amount, status, due_date, description, year, type_id) VALUES (129, 4709.98, 'Unpaid', '2022-08-25', 'Travel', 2004, 12);
INSERT INTO Invoice (invoice_id, recipient, amount, issue_date, status, payment_id) VALUES (129, 'Avi Cohen', 3383.07, '2022-11-17', 'Unpaid', 350);
INSERT INTO AuditRecord (record_id, findings, revenue_id, expense_id, audit_id) VALUES (129, 'Budget deviation', 5, 129, 129);
INSERT INTO FinancialAudit (audit_id, auditor_name, summary, audit_date) VALUES (130, 'Sarah Cohen', 'Budget deviation', '2021-03-09');
INSERT INTO Expense (expense_id, amount, status, due_date, description, year, type_id) VALUES (130, 2521.33, 'Unpaid', '2021-04-19', 'Insurance', 2006, 7);
INSERT INTO Invoice (invoice_id, recipient, amount, issue_date, status, payment_id) VALUES (130, 'Avi Cohen', 1681.66, '2023-05-21', 'Paid', 301);
INSERT INTO AuditRecord (record_id, findings, revenue_id, expense_id, audit_id) VALUES (130, 'Submission delay', 397, 130, 130);
INSERT INTO FinancialAudit (audit_id, auditor_name, summary, audit_date) VALUES (131, 'Sarah Cohen', 'Submission delay', '2023-09-12');
INSERT INTO Expense (expense_id, amount, status, due_date, description, year, type_id) VALUES (131, 2003.16, 'Unpaid', '2021-06-02', 'Insurance', 2017, 3);
INSERT INTO Invoice (invoice_id, recipient, amount, issue_date, status, payment_id) VALUES (131, 'Orna Levi', 7653.9, '2022-03-16', 'Paid', 17);
INSERT INTO AuditRecord (record_id, findings, revenue_id, expense_id, audit_id) VALUES (131, 'Document mismatch', 231, 131, 131);
INSERT INTO FinancialAudit (audit_id, auditor_name, summary, audit_date) VALUES (132, 'Avi Cohen', 'General check', '2023-01-02');
INSERT INTO Expense (expense_id, amount, status, due_date, description, year, type_id) VALUES (132, 425.36, 'Unpaid', '2021-04-15', 'Phone', 2027, 13);
INSERT INTO Invoice (invoice_id, recipient, amount, issue_date, status, payment_id) VALUES (132, 'John Smith', 4317.54, '2022-01-09', 'Unpaid', 269);
INSERT INTO AuditRecord (record_id, findings, revenue_id, expense_id, audit_id) VALUES (132, 'Unusual amount', 196, 132, 132);
INSERT INTO FinancialAudit (audit_id, auditor_name, summary, audit_date) VALUES (133, 'Daniel Green', 'Missing record', '2022-10-04');
INSERT INTO Expense (expense_id, amount, status, due_date, description, year, type_id) VALUES (133, 4638.8, 'Unpaid', '2022-10-24', 'Insurance', 2014, 14);
INSERT INTO Invoice (invoice_id, recipient, amount, issue_date, status, payment_id) VALUES (133, 'Talia Zohar', 4911.95, '2021-11-07', 'Paid', 1);
INSERT INTO AuditRecord (record_id, findings, revenue_id, expense_id, audit_id) VALUES (133, 'Document mismatch', 41, 133, 133);
INSERT INTO FinancialAudit (audit_id, auditor_name, summary, audit_date) VALUES (134, 'Daniel Green', 'Document mismatch', '2022-08-20');
INSERT INTO Expense (expense_id, amount, status, due_date, description, year, type_id) VALUES (134, 2174.08, 'Pending', '2022-03-15', 'Repair', 2022, 6);
INSERT INTO Invoice (invoice_id, recipient, amount, issue_date, status, payment_id) VALUES (134, 'Sarah Cohen', 3313.31, '2021-08-03', 'Paid', 47);
INSERT INTO AuditRecord (record_id, findings, revenue_id, expense_id, audit_id) VALUES (134, 'General check', 218, 134, 134);
INSERT INTO FinancialAudit (audit_id, auditor_name, summary, audit_date) VALUES (135, 'Daniel Green', 'Document mismatch', '2022-12-17');
INSERT INTO Expense (expense_id, amount, status, due_date, description, year, type_id) VALUES (135, 4737.21, 'Paid', '2021-02-15', 'Hardware', 2029, 2);
INSERT INTO Invoice (invoice_id, recipient, amount, issue_date, status, payment_id) VALUES (135, 'Daniel Green', 5971.25, '2023-07-02', 'Paid', 173);
INSERT INTO AuditRecord (record_id, findings, revenue_id, expense_id, audit_id) VALUES (135, 'Missing record', 72, 135, 135);
INSERT INTO FinancialAudit (audit_id, auditor_name, summary, audit_date) VALUES (136, 'John Smith', 'Unusual amount', '2023-03-15');
INSERT INTO Expense (expense_id, amount, status, due_date, description, year, type_id) VALUES (136, 4234.13, 'Unpaid', '2022-08-30', 'Equipment', 2007, 12);
INSERT INTO Invoice (invoice_id, recipient, amount, issue_date, status, payment_id) VALUES (136, 'Orna Levi', 1506.73, '2021-10-11', 'Paid', 129);
INSERT INTO AuditRecord (record_id, findings, revenue_id, expense_id, audit_id) VALUES (136, 'General check', 135, 136, 136);
INSERT INTO FinancialAudit (audit_id, auditor_name, summary, audit_date) VALUES (137, 'Orna Levi', 'Submission delay', '2021-04-07');
INSERT INTO Expense (expense_id, amount, status, due_date, description, year, type_id) VALUES (137, 126.66, 'Unpaid', '2023-03-01', 'Salary', 2016, 10);
INSERT INTO Invoice (invoice_id, recipient, amount, issue_date, status, payment_id) VALUES (137, 'Orna Levi', 1557.61, '2021-05-20', 'Paid', 216);
INSERT INTO AuditRecord (record_id, findings, revenue_id, expense_id, audit_id) VALUES (137, 'Unusual amount', 165, 137, 137);
INSERT INTO FinancialAudit (audit_id, auditor_name, summary, audit_date) VALUES (138, 'Orna Levi', 'General check', '2022-06-22');
INSERT INTO Expense (expense_id, amount, status, due_date, description, year, type_id) VALUES (138, 1475.39, 'Pending', '2022-07-12', 'Insurance', 2004, 1);
INSERT INTO Invoice (invoice_id, recipient, amount, issue_date, status, payment_id) VALUES (138, 'Avi Cohen', 3402.56, '2022-08-15', 'Paid', 386);
INSERT INTO AuditRecord (record_id, findings, revenue_id, expense_id, audit_id) VALUES (138, 'Document mismatch', 211, 138, 138);
INSERT INTO FinancialAudit (audit_id, auditor_name, summary, audit_date) VALUES (139, 'Orna Levi', 'Submission delay', '2020-07-03');
INSERT INTO Expense (expense_id, amount, status, due_date, description, year, type_id) VALUES (139, 3392.96, 'Unpaid', '2021-02-02', 'Repair', 2022, 1);
INSERT INTO Invoice (invoice_id, recipient, amount, issue_date, status, payment_id) VALUES (139, 'Daniel Green', 6736.3, '2022-09-20', 'Unpaid', 87);
INSERT INTO AuditRecord (record_id, findings, revenue_id, expense_id, audit_id) VALUES (139, 'General check', 125, 139, 139);
INSERT INTO FinancialAudit (audit_id, auditor_name, summary, audit_date) VALUES (140, 'John Smith', 'Missing record', '2020-08-22');
INSERT INTO Expense (expense_id, amount, status, due_date, description, year, type_id) VALUES (140, 2946.96, 'Pending', '2022-07-14', 'Phone', 2001, 11);
INSERT INTO Invoice (invoice_id, recipient, amount, issue_date, status, payment_id) VALUES (140, 'John Smith', 6925.79, '2023-05-30', 'Unpaid', 287);
INSERT INTO AuditRecord (record_id, findings, revenue_id, expense_id, audit_id) VALUES (140, 'Budget deviation', 124, 140, 140);
INSERT INTO FinancialAudit (audit_id, auditor_name, summary, audit_date) VALUES (141, 'Avi Cohen', 'General check', '2023-10-13');
INSERT INTO Expense (expense_id, amount, status, due_date, description, year, type_id) VALUES (141, 4214.63, 'Paid', '2021-04-21', 'Maintenance', 2015, 12);
INSERT INTO Invoice (invoice_id, recipient, amount, issue_date, status, payment_id) VALUES (141, 'Avi Cohen', 2035.8, '2022-10-22', 'Unpaid', 37);
INSERT INTO AuditRecord (record_id, findings, revenue_id, expense_id, audit_id) VALUES (141, 'Missing record', 294, 141, 141);
INSERT INTO FinancialAudit (audit_id, auditor_name, summary, audit_date) VALUES (142, 'Avi Cohen', 'Missing record', '2022-07-15');
INSERT INTO Expense (expense_id, amount, status, due_date, description, year, type_id) VALUES (142, 977.99, 'Paid', '2023-07-08', 'Salary', 2028, 13);
INSERT INTO Invoice (invoice_id, recipient, amount, issue_date, status, payment_id) VALUES (142, 'Orna Levi', 7188.66, '2022-09-01', 'Unpaid', 121);
INSERT INTO AuditRecord (record_id, findings, revenue_id, expense_id, audit_id) VALUES (142, 'Unusual amount', 78, 142, 142);
INSERT INTO FinancialAudit (audit_id, auditor_name, summary, audit_date) VALUES (143, 'Talia Zohar', 'Submission delay', '2021-07-22');
INSERT INTO Expense (expense_id, amount, status, due_date, description, year, type_id) VALUES (143, 2978.52, 'Pending', '2023-07-13', 'Equipment', 2012, 6);
INSERT INTO Invoice (invoice_id, recipient, amount, issue_date, status, payment_id) VALUES (143, 'Avi Cohen', 3757.4, '2022-04-16', 'Unpaid', 214);
INSERT INTO AuditRecord (record_id, findings, revenue_id, expense_id, audit_id) VALUES (143, 'General check', 80, 143, 143);
INSERT INTO FinancialAudit (audit_id, auditor_name, summary, audit_date) VALUES (144, 'John Smith', 'Missing record', '2022-07-04');
INSERT INTO Expense (expense_id, amount, status, due_date, description, year, type_id) VALUES (144, 1286.25, 'Unpaid', '2021-02-13', 'Rent', 2026, 3);
INSERT INTO Invoice (invoice_id, recipient, amount, issue_date, status, payment_id) VALUES (144, 'Sarah Cohen', 2594.67, '2022-11-16', 'Unpaid', 295);
INSERT INTO AuditRecord (record_id, findings, revenue_id, expense_id, audit_id) VALUES (144, 'Budget deviation', 36, 144, 144);
INSERT INTO FinancialAudit (audit_id, auditor_name, summary, audit_date) VALUES (145, 'Orna Levi', 'General check', '2022-11-28');
INSERT INTO Expense (expense_id, amount, status, due_date, description, year, type_id) VALUES (145, 4174.85, 'Pending', '2021-10-07', 'Water', 2019, 8);
INSERT INTO Invoice (invoice_id, recipient, amount, issue_date, status, payment_id) VALUES (145, 'Orna Levi', 2566.6, '2021-12-25', 'Unpaid', 250);
INSERT INTO AuditRecord (record_id, findings, revenue_id, expense_id, audit_id) VALUES (145, 'Missing record', 227, 145, 145);
INSERT INTO FinancialAudit (audit_id, auditor_name, summary, audit_date) VALUES (146, 'John Smith', 'Missing record', '2020-07-29');
INSERT INTO Expense (expense_id, amount, status, due_date, description, year, type_id) VALUES (146, 2369.44, 'Unpaid', '2022-12-01', 'Repair', 2019, 5);
INSERT INTO Invoice (invoice_id, recipient, amount, issue_date, status, payment_id) VALUES (146, 'Sarah Cohen', 600.03, '2021-01-27', 'Paid', 293);
INSERT INTO AuditRecord (record_id, findings, revenue_id, expense_id, audit_id) VALUES (146, 'Document mismatch', 351, 146, 146);
INSERT INTO FinancialAudit (audit_id, auditor_name, summary, audit_date) VALUES (147, 'Orna Levi', 'Document mismatch', '2022-03-15');
INSERT INTO Expense (expense_id, amount, status, due_date, description, year, type_id) VALUES (147, 4290.04, 'Unpaid', '2022-01-28', 'Salary', 2021, 9);
INSERT INTO Invoice (invoice_id, recipient, amount, issue_date, status, payment_id) VALUES (147, 'Avi Cohen', 3731.06, '2022-11-09', 'Paid', 397);
INSERT INTO AuditRecord (record_id, findings, revenue_id, expense_id, audit_id) VALUES (147, 'Document mismatch', 394, 147, 147);
INSERT INTO FinancialAudit (audit_id, auditor_name, summary, audit_date) VALUES (148, 'John Smith', 'Submission delay', '2020-12-11');
INSERT INTO Expense (expense_id, amount, status, due_date, description, year, type_id) VALUES (148, 2072.68, 'Paid', '2022-01-29', 'Water', 2025, 8);
INSERT INTO Invoice (invoice_id, recipient, amount, issue_date, status, payment_id) VALUES (148, 'John Smith', 4170.87, '2022-02-27', 'Unpaid', 133);
INSERT INTO AuditRecord (record_id, findings, revenue_id, expense_id, audit_id) VALUES (148, 'Unusual amount', 27, 148, 148);
INSERT INTO FinancialAudit (audit_id, auditor_name, summary, audit_date) VALUES (149, 'Daniel Green', 'Budget deviation', '2021-04-20');
INSERT INTO Expense (expense_id, amount, status, due_date, description, year, type_id) VALUES (149, 2507.13, 'Paid', '2022-06-01', 'Electricity', 2023, 9);
INSERT INTO Invoice (invoice_id, recipient, amount, issue_date, status, payment_id) VALUES (149, 'John Smith', 6374.22, '2022-12-27', 'Unpaid', 323);
INSERT INTO AuditRecord (record_id, findings, revenue_id, expense_id, audit_id) VALUES (149, 'Submission delay', 85, 149, 149);
INSERT INTO FinancialAudit (audit_id, auditor_name, summary, audit_date) VALUES (150, 'Talia Zohar', 'Missing record', '2023-11-07');
INSERT INTO Expense (expense_id, amount, status, due_date, description, year, type_id) VALUES (150, 2848.94, 'Paid', '2022-10-16', 'Repair', 2028, 12);
INSERT INTO Invoice (invoice_id, recipient, amount, issue_date, status, payment_id) VALUES (150, 'John Smith', 7035.84, '2023-01-21', 'Paid', 133);
INSERT INTO AuditRecord (record_id, findings, revenue_id, expense_id, audit_id) VALUES (150, 'Document mismatch', 108, 150, 150);
INSERT INTO FinancialAudit (audit_id, auditor_name, summary, audit_date) VALUES (151, 'John Smith', 'Budget deviation', '2022-02-13');
INSERT INTO Expense (expense_id, amount, status, due_date, description, year, type_id) VALUES (151, 1628.24, 'Paid', '2021-01-14', 'Travel', 2000, 14);
INSERT INTO Invoice (invoice_id, recipient, amount, issue_date, status, payment_id) VALUES (151, 'Daniel Green', 951.41, '2021-01-10', 'Paid', 387);
INSERT INTO AuditRecord (record_id, findings, revenue_id, expense_id, audit_id) VALUES (151, 'Unusual amount', 92, 151, 151);
INSERT INTO FinancialAudit (audit_id, auditor_name, summary, audit_date) VALUES (152, 'Avi Cohen', 'General check', '2023-02-12');
INSERT INTO Expense (expense_id, amount, status, due_date, description, year, type_id) VALUES (152, 4960.76, 'Paid', '2022-12-25', 'Electricity', 2010, 5);
INSERT INTO Invoice (invoice_id, recipient, amount, issue_date, status, payment_id) VALUES (152, 'Avi Cohen', 9087.8, '2022-12-27', 'Unpaid', 291);
INSERT INTO AuditRecord (record_id, findings, revenue_id, expense_id, audit_id) VALUES (152, 'Submission delay', 370, 152, 152);
INSERT INTO FinancialAudit (audit_id, auditor_name, summary, audit_date) VALUES (153, 'Orna Levi', 'Unusual amount', '2020-12-15');
INSERT INTO Expense (expense_id, amount, status, due_date, description, year, type_id) VALUES (153, 4706.41, 'Paid', '2021-01-10', 'Salary', 2011, 15);
INSERT INTO Invoice (invoice_id, recipient, amount, issue_date, status, payment_id) VALUES (153, 'Sarah Cohen', 677.28, '2022-02-06', 'Unpaid', 127);
INSERT INTO AuditRecord (record_id, findings, revenue_id, expense_id, audit_id) VALUES (153, 'General check', 6, 153, 153);
INSERT INTO FinancialAudit (audit_id, auditor_name, summary, audit_date) VALUES (154, 'John Smith', 'Submission delay', '2023-07-21');
INSERT INTO Expense (expense_id, amount, status, due_date, description, year, type_id) VALUES (154, 2422.75, 'Unpaid', '2022-01-03', 'Maintenance', 2004, 10);
INSERT INTO Invoice (invoice_id, recipient, amount, issue_date, status, payment_id) VALUES (154, 'Avi Cohen', 704.82, '2022-03-21', 'Paid', 28);
INSERT INTO AuditRecord (record_id, findings, revenue_id, expense_id, audit_id) VALUES (154, 'Document mismatch', 210, 154, 154);
INSERT INTO FinancialAudit (audit_id, auditor_name, summary, audit_date) VALUES (155, 'Talia Zohar', 'Document mismatch', '2023-11-24');
INSERT INTO Expense (expense_id, amount, status, due_date, description, year, type_id) VALUES (155, 3376.32, 'Pending', '2021-06-21', 'Software', 2003, 12);
INSERT INTO Invoice (invoice_id, recipient, amount, issue_date, status, payment_id) VALUES (155, 'John Smith', 6159.64, '2022-03-23', 'Unpaid', 233);
INSERT INTO AuditRecord (record_id, findings, revenue_id, expense_id, audit_id) VALUES (155, 'Document mismatch', 197, 155, 155);
INSERT INTO FinancialAudit (audit_id, auditor_name, summary, audit_date) VALUES (156, 'Daniel Green', 'Budget deviation', '2022-04-22');
INSERT INTO Expense (expense_id, amount, status, due_date, description, year, type_id) VALUES (156, 4713.86, 'Paid', '2022-06-01', 'Repair', 2002, 15);
INSERT INTO Invoice (invoice_id, recipient, amount, issue_date, status, payment_id) VALUES (156, 'John Smith', 9443.78, '2021-04-18', 'Unpaid', 59);
INSERT INTO AuditRecord (record_id, findings, revenue_id, expense_id, audit_id) VALUES (156, 'Submission delay', 368, 156, 156);
INSERT INTO FinancialAudit (audit_id, auditor_name, summary, audit_date) VALUES (157, 'Sarah Cohen', 'Budget deviation', '2021-09-02');
INSERT INTO Expense (expense_id, amount, status, due_date, description, year, type_id) VALUES (157, 1628.81, 'Pending', '2021-02-15', 'Services', 2007, 11);
INSERT INTO Invoice (invoice_id, recipient, amount, issue_date, status, payment_id) VALUES (157, 'Talia Zohar', 4912.79, '2022-11-22', 'Paid', 145);
INSERT INTO AuditRecord (record_id, findings, revenue_id, expense_id, audit_id) VALUES (157, 'General check', 364, 157, 157);
INSERT INTO FinancialAudit (audit_id, auditor_name, summary, audit_date) VALUES (158, 'Talia Zohar', 'Missing record', '2021-02-15');
INSERT INTO Expense (expense_id, amount, status, due_date, description, year, type_id) VALUES (158, 4741.55, 'Pending', '2022-05-24', 'Services', 2020, 4);
INSERT INTO Invoice (invoice_id, recipient, amount, issue_date, status, payment_id) VALUES (158, 'John Smith', 4359.91, '2022-04-18', 'Paid', 83);
INSERT INTO AuditRecord (record_id, findings, revenue_id, expense_id, audit_id) VALUES (158, 'Budget deviation', 395, 158, 158);
INSERT INTO FinancialAudit (audit_id, auditor_name, summary, audit_date) VALUES (159, 'Sarah Cohen', 'Document mismatch', '2021-09-10');
INSERT INTO Expense (expense_id, amount, status, due_date, description, year, type_id) VALUES (159, 1122.59, 'Unpaid', '2022-11-28', 'Equipment', 2000, 15);
INSERT INTO Invoice (invoice_id, recipient, amount, issue_date, status, payment_id) VALUES (159, 'Sarah Cohen', 3224.88, '2022-08-18', 'Unpaid', 278);
INSERT INTO AuditRecord (record_id, findings, revenue_id, expense_id, audit_id) VALUES (159, 'Budget deviation', 241, 159, 159);
INSERT INTO FinancialAudit (audit_id, auditor_name, summary, audit_date) VALUES (160, 'Orna Levi', 'Submission delay', '2022-08-04');
INSERT INTO Expense (expense_id, amount, status, due_date, description, year, type_id) VALUES (160, 4231.85, 'Unpaid', '2022-06-09', 'Hardware', 2020, 1);
INSERT INTO Invoice (invoice_id, recipient, amount, issue_date, status, payment_id) VALUES (160, 'Daniel Green', 5370.48, '2022-02-24', 'Unpaid', 26);
INSERT INTO AuditRecord (record_id, findings, revenue_id, expense_id, audit_id) VALUES (160, 'Document mismatch', 271, 160, 160);
INSERT INTO FinancialAudit (audit_id, auditor_name, summary, audit_date) VALUES (161, 'Avi Cohen', 'Submission delay', '2022-12-02');
INSERT INTO Expense (expense_id, amount, status, due_date, description, year, type_id) VALUES (161, 4169.36, 'Pending', '2022-10-30', 'Electricity', 2022, 4);
INSERT INTO Invoice (invoice_id, recipient, amount, issue_date, status, payment_id) VALUES (161, 'John Smith', 8854.14, '2022-12-12', 'Paid', 376);
INSERT INTO AuditRecord (record_id, findings, revenue_id, expense_id, audit_id) VALUES (161, 'Unusual amount', 366, 161, 161);
INSERT INTO FinancialAudit (audit_id, auditor_name, summary, audit_date) VALUES (162, 'John Smith', 'Missing record', '2022-12-12');
INSERT INTO Expense (expense_id, amount, status, due_date, description, year, type_id) VALUES (162, 4966.73, 'Paid', '2021-05-20', 'Fuel', 2027, 7);
INSERT INTO Invoice (invoice_id, recipient, amount, issue_date, status, payment_id) VALUES (162, 'Daniel Green', 5876.02, '2022-05-10', 'Paid', 338);
INSERT INTO AuditRecord (record_id, findings, revenue_id, expense_id, audit_id) VALUES (162, 'Unusual amount', 123, 162, 162);
INSERT INTO FinancialAudit (audit_id, auditor_name, summary, audit_date) VALUES (163, 'Daniel Green', 'Unusual amount', '2022-10-31');
INSERT INTO Expense (expense_id, amount, status, due_date, description, year, type_id) VALUES (163, 2241.77, 'Unpaid', '2022-10-14', 'Rent', 2027, 12);
INSERT INTO Invoice (invoice_id, recipient, amount, issue_date, status, payment_id) VALUES (163, 'John Smith', 9027.18, '2023-09-05', 'Unpaid', 284);
INSERT INTO AuditRecord (record_id, findings, revenue_id, expense_id, audit_id) VALUES (163, 'Unusual amount', 127, 163, 163);
INSERT INTO FinancialAudit (audit_id, auditor_name, summary, audit_date) VALUES (164, 'Daniel Green', 'Missing record', '2020-09-18');
INSERT INTO Expense (expense_id, amount, status, due_date, description, year, type_id) VALUES (164, 1714.36, 'Unpaid', '2021-08-02', 'Salary', 2015, 10);
INSERT INTO Invoice (invoice_id, recipient, amount, issue_date, status, payment_id) VALUES (164, 'Orna Levi', 4678.01, '2023-08-21', 'Unpaid', 355);
INSERT INTO AuditRecord (record_id, findings, revenue_id, expense_id, audit_id) VALUES (164, 'Missing record', 339, 164, 164);
INSERT INTO FinancialAudit (audit_id, auditor_name, summary, audit_date) VALUES (165, 'Daniel Green', 'Submission delay', '2022-01-30');
INSERT INTO Expense (expense_id, amount, status, due_date, description, year, type_id) VALUES (165, 2227.79, 'Paid', '2022-11-05', 'Phone', 2011, 4);
INSERT INTO Invoice (invoice_id, recipient, amount, issue_date, status, payment_id) VALUES (165, 'John Smith', 8574.3, '2021-09-01', 'Unpaid', 63);
INSERT INTO AuditRecord (record_id, findings, revenue_id, expense_id, audit_id) VALUES (165, 'Submission delay', 371, 165, 165);
INSERT INTO FinancialAudit (audit_id, auditor_name, summary, audit_date) VALUES (166, 'John Smith', 'Budget deviation', '2023-09-23');
INSERT INTO Expense (expense_id, amount, status, due_date, description, year, type_id) VALUES (166, 2739.73, 'Pending', '2023-04-02', 'Water', 2005, 5);
INSERT INTO Invoice (invoice_id, recipient, amount, issue_date, status, payment_id) VALUES (166, 'Avi Cohen', 9955.47, '2021-08-06', 'Paid', 371);
INSERT INTO AuditRecord (record_id, findings, revenue_id, expense_id, audit_id) VALUES (166, 'Missing record', 270, 166, 166);
INSERT INTO FinancialAudit (audit_id, auditor_name, summary, audit_date) VALUES (167, 'Talia Zohar', 'Document mismatch', '2022-07-22');
INSERT INTO Expense (expense_id, amount, status, due_date, description, year, type_id) VALUES (167, 4694.11, 'Unpaid', '2022-06-14', 'Repair', 2011, 3);
INSERT INTO Invoice (invoice_id, recipient, amount, issue_date, status, payment_id) VALUES (167, 'Talia Zohar', 6042.99, '2021-12-15', 'Paid', 129);
INSERT INTO AuditRecord (record_id, findings, revenue_id, expense_id, audit_id) VALUES (167, 'Unusual amount', 321, 167, 167);
INSERT INTO FinancialAudit (audit_id, auditor_name, summary, audit_date) VALUES (168, 'Orna Levi', 'Budget deviation', '2021-02-03');
INSERT INTO Expense (expense_id, amount, status, due_date, description, year, type_id) VALUES (168, 1277.02, 'Unpaid', '2021-03-11', 'Phone', 2020, 14);
INSERT INTO Invoice (invoice_id, recipient, amount, issue_date, status, payment_id) VALUES (168, 'Sarah Cohen', 6409.8, '2023-01-06', 'Paid', 387);
INSERT INTO AuditRecord (record_id, findings, revenue_id, expense_id, audit_id) VALUES (168, 'Missing record', 23, 168, 168);
INSERT INTO FinancialAudit (audit_id, auditor_name, summary, audit_date) VALUES (169, 'John Smith', 'Budget deviation', '2023-01-23');
INSERT INTO Expense (expense_id, amount, status, due_date, description, year, type_id) VALUES (169, 490.16, 'Paid', '2021-03-25', 'Salary', 2012, 12);
INSERT INTO Invoice (invoice_id, recipient, amount, issue_date, status, payment_id) VALUES (169, 'Daniel Green', 884.16, '2021-10-08', 'Unpaid', 328);
INSERT INTO AuditRecord (record_id, findings, revenue_id, expense_id, audit_id) VALUES (169, 'Missing record', 383, 169, 169);
INSERT INTO FinancialAudit (audit_id, auditor_name, summary, audit_date) VALUES (170, 'John Smith', 'Submission delay', '2021-01-22');
INSERT INTO Expense (expense_id, amount, status, due_date, description, year, type_id) VALUES (170, 826.39, 'Unpaid', '2022-04-09', 'Insurance', 2028, 10);
INSERT INTO Invoice (invoice_id, recipient, amount, issue_date, status, payment_id) VALUES (170, 'Daniel Green', 2621.27, '2023-01-16', 'Unpaid', 290);
INSERT INTO AuditRecord (record_id, findings, revenue_id, expense_id, audit_id) VALUES (170, 'Missing record', 285, 170, 170);
INSERT INTO FinancialAudit (audit_id, auditor_name, summary, audit_date) VALUES (171, 'Talia Zohar', 'Budget deviation', '2020-10-19');
INSERT INTO Expense (expense_id, amount, status, due_date, description, year, type_id) VALUES (171, 3348.21, 'Unpaid', '2021-09-22', 'Fuel', 2030, 12);
INSERT INTO Invoice (invoice_id, recipient, amount, issue_date, status, payment_id) VALUES (171, 'Orna Levi', 8652.67, '2022-08-25', 'Paid', 344);
INSERT INTO AuditRecord (record_id, findings, revenue_id, expense_id, audit_id) VALUES (171, 'Missing record', 131, 171, 171);
INSERT INTO FinancialAudit (audit_id, auditor_name, summary, audit_date) VALUES (172, 'Sarah Cohen', 'Document mismatch', '2021-12-16');
INSERT INTO Expense (expense_id, amount, status, due_date, description, year, type_id) VALUES (172, 2111.31, 'Pending', '2021-10-20', 'Water', 2010, 10);
INSERT INTO Invoice (invoice_id, recipient, amount, issue_date, status, payment_id) VALUES (172, 'Sarah Cohen', 4384.0, '2021-12-27', 'Unpaid', 106);
INSERT INTO AuditRecord (record_id, findings, revenue_id, expense_id, audit_id) VALUES (172, 'Document mismatch', 190, 172, 172);
INSERT INTO FinancialAudit (audit_id, auditor_name, summary, audit_date) VALUES (173, 'Daniel Green', 'General check', '2021-11-08');
INSERT INTO Expense (expense_id, amount, status, due_date, description, year, type_id) VALUES (173, 4799.63, 'Unpaid', '2023-07-07', 'Software', 2020, 13);
INSERT INTO Invoice (invoice_id, recipient, amount, issue_date, status, payment_id) VALUES (173, 'Sarah Cohen', 9154.7, '2023-09-16', 'Unpaid', 35);
INSERT INTO AuditRecord (record_id, findings, revenue_id, expense_id, audit_id) VALUES (173, 'General check', 225, 173, 173);
INSERT INTO FinancialAudit (audit_id, auditor_name, summary, audit_date) VALUES (174, 'Avi Cohen', 'Missing record', '2020-12-04');
INSERT INTO Expense (expense_id, amount, status, due_date, description, year, type_id) VALUES (174, 1605.31, 'Paid', '2021-12-15', 'Maintenance', 2007, 7);
INSERT INTO Invoice (invoice_id, recipient, amount, issue_date, status, payment_id) VALUES (174, 'Avi Cohen', 4484.55, '2022-06-05', 'Unpaid', 21);
INSERT INTO AuditRecord (record_id, findings, revenue_id, expense_id, audit_id) VALUES (174, 'Submission delay', 214, 174, 174);
INSERT INTO FinancialAudit (audit_id, auditor_name, summary, audit_date) VALUES (175, 'Daniel Green', 'Budget deviation', '2023-09-30');
INSERT INTO Expense (expense_id, amount, status, due_date, description, year, type_id) VALUES (175, 784.96, 'Pending', '2021-04-10', 'Equipment', 2006, 15);
INSERT INTO Invoice (invoice_id, recipient, amount, issue_date, status, payment_id) VALUES (175, 'Talia Zohar', 4494.84, '2023-06-15', 'Unpaid', 21);
INSERT INTO AuditRecord (record_id, findings, revenue_id, expense_id, audit_id) VALUES (175, 'Submission delay', 214, 175, 175);
INSERT INTO FinancialAudit (audit_id, auditor_name, summary, audit_date) VALUES (176, 'John Smith', 'Document mismatch', '2020-11-10');
INSERT INTO Expense (expense_id, amount, status, due_date, description, year, type_id) VALUES (176, 668.81, 'Paid', '2021-04-06', 'Repair', 2004, 14);
INSERT INTO Invoice (invoice_id, recipient, amount, issue_date, status, payment_id) VALUES (176, 'Sarah Cohen', 2617.06, '2023-05-13', 'Unpaid', 116);
INSERT INTO AuditRecord (record_id, findings, revenue_id, expense_id, audit_id) VALUES (176, 'Budget deviation', 206, 176, 176);
INSERT INTO FinancialAudit (audit_id, auditor_name, summary, audit_date) VALUES (177, 'Talia Zohar', 'Document mismatch', '2023-03-26');
INSERT INTO Expense (expense_id, amount, status, due_date, description, year, type_id) VALUES (177, 2662.71, 'Pending', '2021-03-26', 'Printing', 2022, 2);
INSERT INTO Invoice (invoice_id, recipient, amount, issue_date, status, payment_id) VALUES (177, 'Daniel Green', 9182.38, '2021-08-29', 'Unpaid', 343);
INSERT INTO AuditRecord (record_id, findings, revenue_id, expense_id, audit_id) VALUES (177, 'Submission delay', 305, 177, 177);
INSERT INTO FinancialAudit (audit_id, auditor_name, summary, audit_date) VALUES (178, 'Sarah Cohen', 'Document mismatch', '2020-05-17');
INSERT INTO Expense (expense_id, amount, status, due_date, description, year, type_id) VALUES (178, 4125.74, 'Pending', '2022-02-12', 'Software', 2009, 3);
INSERT INTO Invoice (invoice_id, recipient, amount, issue_date, status, payment_id) VALUES (178, 'Sarah Cohen', 4899.0, '2022-02-02', 'Paid', 100);
INSERT INTO AuditRecord (record_id, findings, revenue_id, expense_id, audit_id) VALUES (178, 'Unusual amount', 156, 178, 178);
INSERT INTO FinancialAudit (audit_id, auditor_name, summary, audit_date) VALUES (179, 'Avi Cohen', 'Submission delay', '2021-05-11');
INSERT INTO Expense (expense_id, amount, status, due_date, description, year, type_id) VALUES (179, 2091.5, 'Unpaid', '2021-07-10', 'Fuel', 2022, 3);
INSERT INTO Invoice (invoice_id, recipient, amount, issue_date, status, payment_id) VALUES (179, 'Orna Levi', 2050.48, '2021-06-30', 'Unpaid', 256);
INSERT INTO AuditRecord (record_id, findings, revenue_id, expense_id, audit_id) VALUES (179, 'General check', 365, 179, 179);
INSERT INTO FinancialAudit (audit_id, auditor_name, summary, audit_date) VALUES (180, 'Avi Cohen', 'General check', '2023-09-05');
INSERT INTO Expense (expense_id, amount, status, due_date, description, year, type_id) VALUES (180, 4391.61, 'Paid', '2021-10-11', 'Travel', 2020, 15);
INSERT INTO Invoice (invoice_id, recipient, amount, issue_date, status, payment_id) VALUES (180, 'Daniel Green', 471.85, '2022-03-17', 'Paid', 169);
INSERT INTO AuditRecord (record_id, findings, revenue_id, expense_id, audit_id) VALUES (180, 'Document mismatch', 110, 180, 180);
INSERT INTO FinancialAudit (audit_id, auditor_name, summary, audit_date) VALUES (181, 'Sarah Cohen', 'Budget deviation', '2023-07-08');
INSERT INTO Expense (expense_id, amount, status, due_date, description, year, type_id) VALUES (181, 4847.75, 'Paid', '2021-02-16', 'Fuel', 2029, 15);
INSERT INTO Invoice (invoice_id, recipient, amount, issue_date, status, payment_id) VALUES (181, 'Orna Levi', 3351.29, '2023-01-07', 'Unpaid', 71);
INSERT INTO AuditRecord (record_id, findings, revenue_id, expense_id, audit_id) VALUES (181, 'Document mismatch', 382, 181, 181);
INSERT INTO FinancialAudit (audit_id, auditor_name, summary, audit_date) VALUES (182, 'Avi Cohen', 'Submission delay', '2022-12-01');
INSERT INTO Expense (expense_id, amount, status, due_date, description, year, type_id) VALUES (182, 1164.34, 'Paid', '2023-08-28', 'Maintenance', 2011, 12);
INSERT INTO Invoice (invoice_id, recipient, amount, issue_date, status, payment_id) VALUES (182, 'Daniel Green', 1172.48, '2022-08-26', 'Paid', 168);
INSERT INTO AuditRecord (record_id, findings, revenue_id, expense_id, audit_id) VALUES (182, 'Document mismatch', 202, 182, 182);
INSERT INTO FinancialAudit (audit_id, auditor_name, summary, audit_date) VALUES (183, 'Sarah Cohen', 'Submission delay', '2020-10-12');
INSERT INTO Expense (expense_id, amount, status, due_date, description, year, type_id) VALUES (183, 4748.14, 'Unpaid', '2021-01-08', 'Insurance', 2017, 7);
INSERT INTO Invoice (invoice_id, recipient, amount, issue_date, status, payment_id) VALUES (183, 'Talia Zohar', 6349.54, '2021-10-19', 'Paid', 106);
INSERT INTO AuditRecord (record_id, findings, revenue_id, expense_id, audit_id) VALUES (183, 'Document mismatch', 239, 183, 183);
INSERT INTO FinancialAudit (audit_id, auditor_name, summary, audit_date) VALUES (184, 'Avi Cohen', 'Unusual amount', '2020-06-05');
INSERT INTO Expense (expense_id, amount, status, due_date, description, year, type_id) VALUES (184, 3927.62, 'Paid', '2021-04-07', 'Salary', 2023, 13);
INSERT INTO Invoice (invoice_id, recipient, amount, issue_date, status, payment_id) VALUES (184, 'Talia Zohar', 8123.93, '2021-08-22', 'Unpaid', 375);
INSERT INTO AuditRecord (record_id, findings, revenue_id, expense_id, audit_id) VALUES (184, 'Missing record', 39, 184, 184);
INSERT INTO FinancialAudit (audit_id, auditor_name, summary, audit_date) VALUES (185, 'Avi Cohen', 'Submission delay', '2022-09-04');
INSERT INTO Expense (expense_id, amount, status, due_date, description, year, type_id) VALUES (185, 4557.03, 'Paid', '2021-10-14', 'Printing', 2014, 9);
INSERT INTO Invoice (invoice_id, recipient, amount, issue_date, status, payment_id) VALUES (185, 'Daniel Green', 6686.65, '2021-04-17', 'Unpaid', 172);
INSERT INTO AuditRecord (record_id, findings, revenue_id, expense_id, audit_id) VALUES (185, 'Document mismatch', 236, 185, 185);
INSERT INTO FinancialAudit (audit_id, auditor_name, summary, audit_date) VALUES (186, 'John Smith', 'Document mismatch', '2021-04-24');
INSERT INTO Expense (expense_id, amount, status, due_date, description, year, type_id) VALUES (186, 127.83, 'Pending', '2022-06-11', 'Water', 2001, 7);
INSERT INTO Invoice (invoice_id, recipient, amount, issue_date, status, payment_id) VALUES (186, 'Orna Levi', 1048.56, '2021-02-22', 'Paid', 118);
INSERT INTO AuditRecord (record_id, findings, revenue_id, expense_id, audit_id) VALUES (186, 'Unusual amount', 110, 186, 186);
INSERT INTO FinancialAudit (audit_id, auditor_name, summary, audit_date) VALUES (187, 'John Smith', 'Missing record', '2021-09-21');
INSERT INTO Expense (expense_id, amount, status, due_date, description, year, type_id) VALUES (187, 1715.24, 'Unpaid', '2021-09-19', 'Insurance', 2028, 10);
INSERT INTO Invoice (invoice_id, recipient, amount, issue_date, status, payment_id) VALUES (187, 'Orna Levi', 7270.88, '2021-11-18', 'Unpaid', 291);
INSERT INTO AuditRecord (record_id, findings, revenue_id, expense_id, audit_id) VALUES (187, 'Unusual amount', 193, 187, 187);
INSERT INTO FinancialAudit (audit_id, auditor_name, summary, audit_date) VALUES (188, 'Sarah Cohen', 'General check', '2023-03-09');
INSERT INTO Expense (expense_id, amount, status, due_date, description, year, type_id) VALUES (188, 978.03, 'Pending', '2021-06-15', 'Hardware', 2018, 7);
INSERT INTO Invoice (invoice_id, recipient, amount, issue_date, status, payment_id) VALUES (188, 'Talia Zohar', 2352.32, '2021-12-27', 'Unpaid', 65);
INSERT INTO AuditRecord (record_id, findings, revenue_id, expense_id, audit_id) VALUES (188, 'Submission delay', 290, 188, 188);
INSERT INTO FinancialAudit (audit_id, auditor_name, summary, audit_date) VALUES (189, 'Avi Cohen', 'General check', '2022-03-22');
INSERT INTO Expense (expense_id, amount, status, due_date, description, year, type_id) VALUES (189, 1596.42, 'Pending', '2021-01-24', 'Equipment', 2019, 2);
INSERT INTO Invoice (invoice_id, recipient, amount, issue_date, status, payment_id) VALUES (189, 'Avi Cohen', 8720.12, '2022-09-02', 'Paid', 285);
INSERT INTO AuditRecord (record_id, findings, revenue_id, expense_id, audit_id) VALUES (189, 'Missing record', 104, 189, 189);
INSERT INTO FinancialAudit (audit_id, auditor_name, summary, audit_date) VALUES (190, 'Talia Zohar', 'Submission delay', '2022-04-20');
INSERT INTO Expense (expense_id, amount, status, due_date, description, year, type_id) VALUES (190, 4153.22, 'Pending', '2021-05-04', 'Water', 2014, 11);
INSERT INTO Invoice (invoice_id, recipient, amount, issue_date, status, payment_id) VALUES (190, 'Avi Cohen', 6856.65, '2023-04-03', 'Unpaid', 270);
INSERT INTO AuditRecord (record_id, findings, revenue_id, expense_id, audit_id) VALUES (190, 'Document mismatch', 159, 190, 190);
INSERT INTO FinancialAudit (audit_id, auditor_name, summary, audit_date) VALUES (191, 'Sarah Cohen', 'Document mismatch', '2022-05-29');
INSERT INTO Expense (expense_id, amount, status, due_date, description, year, type_id) VALUES (191, 1874.2, 'Pending', '2021-06-05', 'Repair', 2015, 6);
INSERT INTO Invoice (invoice_id, recipient, amount, issue_date, status, payment_id) VALUES (191, 'Daniel Green', 8504.03, '2023-01-19', 'Paid', 117);
INSERT INTO AuditRecord (record_id, findings, revenue_id, expense_id, audit_id) VALUES (191, 'Submission delay', 284, 191, 191);
INSERT INTO FinancialAudit (audit_id, auditor_name, summary, audit_date) VALUES (192, 'Talia Zohar', 'Missing record', '2021-02-11');
INSERT INTO Expense (expense_id, amount, status, due_date, description, year, type_id) VALUES (192, 293.27, 'Pending', '2023-08-25', 'Rent', 2012, 11);
INSERT INTO Invoice (invoice_id, recipient, amount, issue_date, status, payment_id) VALUES (192, 'Sarah Cohen', 3178.64, '2022-08-08', 'Paid', 384);
INSERT INTO AuditRecord (record_id, findings, revenue_id, expense_id, audit_id) VALUES (192, 'Missing record', 72, 192, 192);
INSERT INTO FinancialAudit (audit_id, auditor_name, summary, audit_date) VALUES (193, 'John Smith', 'Budget deviation', '2021-11-20');
INSERT INTO Expense (expense_id, amount, status, due_date, description, year, type_id) VALUES (193, 1690.26, 'Unpaid', '2022-06-06', 'Repair', 2011, 15);
INSERT INTO Invoice (invoice_id, recipient, amount, issue_date, status, payment_id) VALUES (193, 'John Smith', 7156.43, '2021-04-19', 'Paid', 145);
INSERT INTO AuditRecord (record_id, findings, revenue_id, expense_id, audit_id) VALUES (193, 'Budget deviation', 398, 193, 193);
INSERT INTO FinancialAudit (audit_id, auditor_name, summary, audit_date) VALUES (194, 'Avi Cohen', 'Budget deviation', '2024-01-12');
INSERT INTO Expense (expense_id, amount, status, due_date, description, year, type_id) VALUES (194, 1644.52, 'Pending', '2022-05-09', 'Services', 2019, 14);
INSERT INTO Invoice (invoice_id, recipient, amount, issue_date, status, payment_id) VALUES (194, 'John Smith', 4352.54, '2022-10-04', 'Unpaid', 291);
INSERT INTO AuditRecord (record_id, findings, revenue_id, expense_id, audit_id) VALUES (194, 'Unusual amount', 223, 194, 194);
INSERT INTO FinancialAudit (audit_id, auditor_name, summary, audit_date) VALUES (195, 'Avi Cohen', 'Budget deviation', '2020-02-07');
INSERT INTO Expense (expense_id, amount, status, due_date, description, year, type_id) VALUES (195, 3242.99, 'Paid', '2021-04-20', 'Software', 2024, 13);
INSERT INTO Invoice (invoice_id, recipient, amount, issue_date, status, payment_id) VALUES (195, 'Talia Zohar', 3651.75, '2021-11-02', 'Paid', 73);
INSERT INTO AuditRecord (record_id, findings, revenue_id, expense_id, audit_id) VALUES (195, 'General check', 20, 195, 195);
INSERT INTO FinancialAudit (audit_id, auditor_name, summary, audit_date) VALUES (196, 'Avi Cohen', 'Budget deviation', '2020-08-01');
INSERT INTO Expense (expense_id, amount, status, due_date, description, year, type_id) VALUES (196, 612.19, 'Unpaid', '2021-08-11', 'Salary', 2029, 5);
INSERT INTO Invoice (invoice_id, recipient, amount, issue_date, status, payment_id) VALUES (196, 'Avi Cohen', 9537.61, '2022-04-06', 'Unpaid', 105);
INSERT INTO AuditRecord (record_id, findings, revenue_id, expense_id, audit_id) VALUES (196, 'Document mismatch', 105, 196, 196);
INSERT INTO FinancialAudit (audit_id, auditor_name, summary, audit_date) VALUES (197, 'Orna Levi', 'Budget deviation', '2022-02-28');
INSERT INTO Expense (expense_id, amount, status, due_date, description, year, type_id) VALUES (197, 2765.21, 'Paid', '2023-04-12', 'Hardware', 2023, 11);
INSERT INTO Invoice (invoice_id, recipient, amount, issue_date, status, payment_id) VALUES (197, 'John Smith', 2678.91, '2021-01-26', 'Unpaid', 98);
INSERT INTO AuditRecord (record_id, findings, revenue_id, expense_id, audit_id) VALUES (197, 'Unusual amount', 19, 197, 197);
INSERT INTO FinancialAudit (audit_id, auditor_name, summary, audit_date) VALUES (198, 'Sarah Cohen', 'Missing record', '2020-12-14');
INSERT INTO Expense (expense_id, amount, status, due_date, description, year, type_id) VALUES (198, 2578.92, 'Paid', '2023-04-18', 'Phone', 2017, 13);
INSERT INTO Invoice (invoice_id, recipient, amount, issue_date, status, payment_id) VALUES (198, 'John Smith', 9795.2, '2023-08-09', 'Paid', 104);
INSERT INTO AuditRecord (record_id, findings, revenue_id, expense_id, audit_id) VALUES (198, 'General check', 120, 198, 198);
INSERT INTO FinancialAudit (audit_id, auditor_name, summary, audit_date) VALUES (199, 'Daniel Green', 'Budget deviation', '2020-12-27');
INSERT INTO Expense (expense_id, amount, status, due_date, description, year, type_id) VALUES (199, 1306.98, 'Unpaid', '2022-12-03', 'Travel', 2009, 9);
INSERT INTO Invoice (invoice_id, recipient, amount, issue_date, status, payment_id) VALUES (199, 'Daniel Green', 4921.4, '2021-02-23', 'Unpaid', 236);
INSERT INTO AuditRecord (record_id, findings, revenue_id, expense_id, audit_id) VALUES (199, 'Document mismatch', 120, 199, 199);
INSERT INTO FinancialAudit (audit_id, auditor_name, summary, audit_date) VALUES (200, 'Talia Zohar', 'Budget deviation', '2021-08-15');
INSERT INTO Expense (expense_id, amount, status, due_date, description, year, type_id) VALUES (200, 524.09, 'Paid', '2022-12-27', 'Water', 2027, 9);
INSERT INTO Invoice (invoice_id, recipient, amount, issue_date, status, payment_id) VALUES (200, 'Talia Zohar', 135.69, '2021-01-25', 'Paid', 75);
INSERT INTO AuditRecord (record_id, findings, revenue_id, expense_id, audit_id) VALUES (200, 'Submission delay', 335, 200, 200);
INSERT INTO FinancialAudit (audit_id, auditor_name, summary, audit_date) VALUES (201, 'John Smith', 'Missing record', '2023-07-07');
INSERT INTO Expense (expense_id, amount, status, due_date, description, year, type_id) VALUES (201, 1960.53, 'Pending', '2022-12-05', 'Phone', 2028, 6);
INSERT INTO Invoice (invoice_id, recipient, amount, issue_date, status, payment_id) VALUES (201, 'Sarah Cohen', 1651.46, '2021-12-04', 'Paid', 299);
INSERT INTO AuditRecord (record_id, findings, revenue_id, expense_id, audit_id) VALUES (201, 'General check', 297, 201, 201);
INSERT INTO FinancialAudit (audit_id, auditor_name, summary, audit_date) VALUES (202, 'John Smith', 'Unusual amount', '2023-05-15');
INSERT INTO Expense (expense_id, amount, status, due_date, description, year, type_id) VALUES (202, 4121.57, 'Pending', '2021-01-25', 'Equipment', 2013, 3);
INSERT INTO Invoice (invoice_id, recipient, amount, issue_date, status, payment_id) VALUES (202, 'Avi Cohen', 4594.45, '2021-03-28', 'Unpaid', 101);
INSERT INTO AuditRecord (record_id, findings, revenue_id, expense_id, audit_id) VALUES (202, 'Budget deviation', 388, 202, 202);
INSERT INTO FinancialAudit (audit_id, auditor_name, summary, audit_date) VALUES (203, 'John Smith', 'Budget deviation', '2022-03-11');
INSERT INTO Expense (expense_id, amount, status, due_date, description, year, type_id) VALUES (203, 3974.65, 'Pending', '2022-03-02', 'Electricity', 2027, 5);
INSERT INTO Invoice (invoice_id, recipient, amount, issue_date, status, payment_id) VALUES (203, 'Avi Cohen', 5495.41, '2021-09-18', 'Unpaid', 162);
INSERT INTO AuditRecord (record_id, findings, revenue_id, expense_id, audit_id) VALUES (203, 'Missing record', 277, 203, 203);
INSERT INTO FinancialAudit (audit_id, auditor_name, summary, audit_date) VALUES (204, 'Talia Zohar', 'Document mismatch', '2020-08-07');
INSERT INTO Expense (expense_id, amount, status, due_date, description, year, type_id) VALUES (204, 3393.27, 'Unpaid', '2023-03-11', 'Hardware', 2020, 12);
INSERT INTO Invoice (invoice_id, recipient, amount, issue_date, status, payment_id) VALUES (204, 'Orna Levi', 5781.72, '2023-08-25', 'Unpaid', 181);
INSERT INTO AuditRecord (record_id, findings, revenue_id, expense_id, audit_id) VALUES (204, 'Document mismatch', 81, 204, 204);
INSERT INTO FinancialAudit (audit_id, auditor_name, summary, audit_date) VALUES (205, 'John Smith', 'Submission delay', '2021-11-18');
INSERT INTO Expense (expense_id, amount, status, due_date, description, year, type_id) VALUES (205, 4419.79, 'Unpaid', '2022-02-14', 'Repair', 2006, 3);
INSERT INTO Invoice (invoice_id, recipient, amount, issue_date, status, payment_id) VALUES (205, 'Orna Levi', 9555.09, '2023-06-14', 'Paid', 182);
INSERT INTO AuditRecord (record_id, findings, revenue_id, expense_id, audit_id) VALUES (205, 'Unusual amount', 26, 205, 205);
INSERT INTO FinancialAudit (audit_id, auditor_name, summary, audit_date) VALUES (206, 'Avi Cohen', 'Submission delay', '2023-03-08');
INSERT INTO Expense (expense_id, amount, status, due_date, description, year, type_id) VALUES (206, 3699.29, 'Pending', '2023-07-09', 'Repair', 2009, 6);
INSERT INTO Invoice (invoice_id, recipient, amount, issue_date, status, payment_id) VALUES (206, 'Avi Cohen', 1354.17, '2021-12-23', 'Unpaid', 336);
INSERT INTO AuditRecord (record_id, findings, revenue_id, expense_id, audit_id) VALUES (206, 'Unusual amount', 238, 206, 206);
INSERT INTO FinancialAudit (audit_id, auditor_name, summary, audit_date) VALUES (207, 'Avi Cohen', 'Submission delay', '2021-04-04');
INSERT INTO Expense (expense_id, amount, status, due_date, description, year, type_id) VALUES (207, 3508.73, 'Pending', '2022-01-29', 'Printing', 2005, 6);
INSERT INTO Invoice (invoice_id, recipient, amount, issue_date, status, payment_id) VALUES (207, 'Daniel Green', 9166.34, '2022-10-10', 'Unpaid', 363);
INSERT INTO AuditRecord (record_id, findings, revenue_id, expense_id, audit_id) VALUES (207, 'Missing record', 270, 207, 207);
INSERT INTO FinancialAudit (audit_id, auditor_name, summary, audit_date) VALUES (208, 'Avi Cohen', 'Budget deviation', '2022-06-29');
INSERT INTO Expense (expense_id, amount, status, due_date, description, year, type_id) VALUES (208, 4985.6, 'Paid', '2022-03-04', 'Rent', 2016, 15);
INSERT INTO Invoice (invoice_id, recipient, amount, issue_date, status, payment_id) VALUES (208, 'Sarah Cohen', 9172.05, '2023-06-17', 'Paid', 337);
INSERT INTO AuditRecord (record_id, findings, revenue_id, expense_id, audit_id) VALUES (208, 'Submission delay', 180, 208, 208);
INSERT INTO FinancialAudit (audit_id, auditor_name, summary, audit_date) VALUES (209, 'Talia Zohar', 'Missing record', '2020-11-05');
INSERT INTO Expense (expense_id, amount, status, due_date, description, year, type_id) VALUES (209, 1873.2, 'Unpaid', '2021-05-09', 'Fuel', 2014, 9);
INSERT INTO Invoice (invoice_id, recipient, amount, issue_date, status, payment_id) VALUES (209, 'Sarah Cohen', 7285.67, '2022-07-13', 'Paid', 101);
INSERT INTO AuditRecord (record_id, findings, revenue_id, expense_id, audit_id) VALUES (209, 'Missing record', 150, 209, 209);
INSERT INTO FinancialAudit (audit_id, auditor_name, summary, audit_date) VALUES (210, 'Daniel Green', 'Submission delay', '2022-07-08');
INSERT INTO Expense (expense_id, amount, status, due_date, description, year, type_id) VALUES (210, 3720.15, 'Unpaid', '2021-04-25', 'Fuel', 2026, 7);
INSERT INTO Invoice (invoice_id, recipient, amount, issue_date, status, payment_id) VALUES (210, 'Talia Zohar', 1630.72, '2022-07-22', 'Unpaid', 69);
INSERT INTO AuditRecord (record_id, findings, revenue_id, expense_id, audit_id) VALUES (210, 'Budget deviation', 99, 210, 210);
INSERT INTO FinancialAudit (audit_id, auditor_name, summary, audit_date) VALUES (211, 'Talia Zohar', 'Submission delay', '2021-12-29');
INSERT INTO Expense (expense_id, amount, status, due_date, description, year, type_id) VALUES (211, 4604.76, 'Pending', '2023-04-07', 'Maintenance', 2005, 13);
INSERT INTO Invoice (invoice_id, recipient, amount, issue_date, status, payment_id) VALUES (211, 'John Smith', 165.22, '2023-05-25', 'Paid', 183);
INSERT INTO AuditRecord (record_id, findings, revenue_id, expense_id, audit_id) VALUES (211, 'Unusual amount', 269, 211, 211);
INSERT INTO FinancialAudit (audit_id, auditor_name, summary, audit_date) VALUES (212, 'Avi Cohen', 'Budget deviation', '2023-04-29');
INSERT INTO Expense (expense_id, amount, status, due_date, description, year, type_id) VALUES (212, 4411.28, 'Paid', '2022-08-29', 'Printing', 2023, 10);
INSERT INTO Invoice (invoice_id, recipient, amount, issue_date, status, payment_id) VALUES (212, 'Avi Cohen', 4348.23, '2021-02-01', 'Unpaid', 68);
INSERT INTO AuditRecord (record_id, findings, revenue_id, expense_id, audit_id) VALUES (212, 'Document mismatch', 120, 212, 212);
INSERT INTO FinancialAudit (audit_id, auditor_name, summary, audit_date) VALUES (213, 'Orna Levi', 'Document mismatch', '2021-12-31');
INSERT INTO Expense (expense_id, amount, status, due_date, description, year, type_id) VALUES (213, 639.51, 'Unpaid', '2022-01-17', 'Fuel', 2005, 1);
INSERT INTO Invoice (invoice_id, recipient, amount, issue_date, status, payment_id) VALUES (213, 'Sarah Cohen', 1748.53, '2023-09-04', 'Paid', 188);
INSERT INTO AuditRecord (record_id, findings, revenue_id, expense_id, audit_id) VALUES (213, 'Document mismatch', 261, 213, 213);
INSERT INTO FinancialAudit (audit_id, auditor_name, summary, audit_date) VALUES (214, 'Orna Levi', 'Missing record', '2023-09-12');
INSERT INTO Expense (expense_id, amount, status, due_date, description, year, type_id) VALUES (214, 2367.83, 'Paid', '2022-04-28', 'Salary', 2011, 5);
INSERT INTO Invoice (invoice_id, recipient, amount, issue_date, status, payment_id) VALUES (214, 'Daniel Green', 5763.31, '2022-12-03', 'Paid', 27);
INSERT INTO AuditRecord (record_id, findings, revenue_id, expense_id, audit_id) VALUES (214, 'Missing record', 223, 214, 214);
INSERT INTO FinancialAudit (audit_id, auditor_name, summary, audit_date) VALUES (215, 'Orna Levi', 'Budget deviation', '2023-08-06');
INSERT INTO Expense (expense_id, amount, status, due_date, description, year, type_id) VALUES (215, 1636.92, 'Paid', '2021-10-02', 'Repair', 2005, 12);
INSERT INTO Invoice (invoice_id, recipient, amount, issue_date, status, payment_id) VALUES (215, 'Talia Zohar', 9104.56, '2023-07-31', 'Unpaid', 19);
INSERT INTO AuditRecord (record_id, findings, revenue_id, expense_id, audit_id) VALUES (215, 'Submission delay', 264, 215, 215);
INSERT INTO FinancialAudit (audit_id, auditor_name, summary, audit_date) VALUES (216, 'Orna Levi', 'Missing record', '2023-10-14');
INSERT INTO Expense (expense_id, amount, status, due_date, description, year, type_id) VALUES (216, 4451.03, 'Unpaid', '2023-02-02', 'Salary', 2016, 4);
INSERT INTO Invoice (invoice_id, recipient, amount, issue_date, status, payment_id) VALUES (216, 'John Smith', 7025.05, '2023-04-03', 'Unpaid', 22);
INSERT INTO AuditRecord (record_id, findings, revenue_id, expense_id, audit_id) VALUES (216, 'Unusual amount', 131, 216, 216);
INSERT INTO FinancialAudit (audit_id, auditor_name, summary, audit_date) VALUES (217, 'Sarah Cohen', 'Submission delay', '2021-03-15');
INSERT INTO Expense (expense_id, amount, status, due_date, description, year, type_id) VALUES (217, 737.07, 'Paid', '2021-04-05', 'Hardware', 2005, 9);
INSERT INTO Invoice (invoice_id, recipient, amount, issue_date, status, payment_id) VALUES (217, 'Avi Cohen', 5384.53, '2021-02-25', 'Paid', 208);
INSERT INTO AuditRecord (record_id, findings, revenue_id, expense_id, audit_id) VALUES (217, 'Missing record', 259, 217, 217);
INSERT INTO FinancialAudit (audit_id, auditor_name, summary, audit_date) VALUES (218, 'Daniel Green', 'Budget deviation', '2020-05-22');
INSERT INTO Expense (expense_id, amount, status, due_date, description, year, type_id) VALUES (218, 2372.19, 'Paid', '2023-03-09', 'Repair', 2012, 5);
INSERT INTO Invoice (invoice_id, recipient, amount, issue_date, status, payment_id) VALUES (218, 'John Smith', 9885.93, '2022-02-04', 'Paid', 56);
INSERT INTO AuditRecord (record_id, findings, revenue_id, expense_id, audit_id) VALUES (218, 'Submission delay', 248, 218, 218);
INSERT INTO FinancialAudit (audit_id, auditor_name, summary, audit_date) VALUES (219, 'Daniel Green', 'Unusual amount', '2023-06-23');
INSERT INTO Expense (expense_id, amount, status, due_date, description, year, type_id) VALUES (219, 3598.59, 'Unpaid', '2021-07-16', 'Repair', 2013, 5);
INSERT INTO Invoice (invoice_id, recipient, amount, issue_date, status, payment_id) VALUES (219, 'Talia Zohar', 7929.16, '2022-09-20', 'Unpaid', 14);
INSERT INTO AuditRecord (record_id, findings, revenue_id, expense_id, audit_id) VALUES (219, 'Unusual amount', 43, 219, 219);
INSERT INTO FinancialAudit (audit_id, auditor_name, summary, audit_date) VALUES (220, 'Sarah Cohen', 'Document mismatch', '2020-02-05');
INSERT INTO Expense (expense_id, amount, status, due_date, description, year, type_id) VALUES (220, 4805.34, 'Pending', '2022-10-23', 'Printing', 2006, 5);
INSERT INTO Invoice (invoice_id, recipient, amount, issue_date, status, payment_id) VALUES (220, 'Sarah Cohen', 4004.46, '2021-07-30', 'Unpaid', 321);
INSERT INTO AuditRecord (record_id, findings, revenue_id, expense_id, audit_id) VALUES (220, 'Submission delay', 361, 220, 220);
INSERT INTO FinancialAudit (audit_id, auditor_name, summary, audit_date) VALUES (221, 'Talia Zohar', 'Submission delay', '2020-04-09');
INSERT INTO Expense (expense_id, amount, status, due_date, description, year, type_id) VALUES (221, 3487.53, 'Paid', '2023-04-19', 'Maintenance', 2004, 13);
INSERT INTO Invoice (invoice_id, recipient, amount, issue_date, status, payment_id) VALUES (221, 'Sarah Cohen', 1304.03, '2021-05-19', 'Paid', 272);
INSERT INTO AuditRecord (record_id, findings, revenue_id, expense_id, audit_id) VALUES (221, 'General check', 257, 221, 221);
INSERT INTO FinancialAudit (audit_id, auditor_name, summary, audit_date) VALUES (222, 'John Smith', 'Budget deviation', '2020-06-01');
INSERT INTO Expense (expense_id, amount, status, due_date, description, year, type_id) VALUES (222, 4599.75, 'Pending', '2023-09-14', 'Salary', 2025, 9);
INSERT INTO Invoice (invoice_id, recipient, amount, issue_date, status, payment_id) VALUES (222, 'Daniel Green', 1234.52, '2022-08-29', 'Unpaid', 324);
INSERT INTO AuditRecord (record_id, findings, revenue_id, expense_id, audit_id) VALUES (222, 'Submission delay', 17, 222, 222);
INSERT INTO FinancialAudit (audit_id, auditor_name, summary, audit_date) VALUES (223, 'Avi Cohen', 'General check', '2021-05-05');
INSERT INTO Expense (expense_id, amount, status, due_date, description, year, type_id) VALUES (223, 2153.11, 'Pending', '2021-11-24', 'Insurance', 2000, 10);
INSERT INTO Invoice (invoice_id, recipient, amount, issue_date, status, payment_id) VALUES (223, 'Sarah Cohen', 8801.01, '2022-02-22', 'Unpaid', 224);
INSERT INTO AuditRecord (record_id, findings, revenue_id, expense_id, audit_id) VALUES (223, 'Budget deviation', 311, 223, 223);
INSERT INTO FinancialAudit (audit_id, auditor_name, summary, audit_date) VALUES (224, 'Daniel Green', 'Missing record', '2023-12-20');
INSERT INTO Expense (expense_id, amount, status, due_date, description, year, type_id) VALUES (224, 760.69, 'Unpaid', '2021-07-24', 'Equipment', 2009, 15);
INSERT INTO Invoice (invoice_id, recipient, amount, issue_date, status, payment_id) VALUES (224, 'Avi Cohen', 7153.04, '2022-01-06', 'Paid', 40);
INSERT INTO AuditRecord (record_id, findings, revenue_id, expense_id, audit_id) VALUES (224, 'Unusual amount', 76, 224, 224);
INSERT INTO FinancialAudit (audit_id, auditor_name, summary, audit_date) VALUES (225, 'John Smith', 'Missing record', '2021-08-12');
INSERT INTO Expense (expense_id, amount, status, due_date, description, year, type_id) VALUES (225, 3800.69, 'Unpaid', '2023-09-03', 'Salary', 2015, 8);
INSERT INTO Invoice (invoice_id, recipient, amount, issue_date, status, payment_id) VALUES (225, 'John Smith', 1755.53, '2021-01-22', 'Unpaid', 74);
INSERT INTO AuditRecord (record_id, findings, revenue_id, expense_id, audit_id) VALUES (225, 'Budget deviation', 353, 225, 225);
INSERT INTO FinancialAudit (audit_id, auditor_name, summary, audit_date) VALUES (226, 'Daniel Green', 'Unusual amount', '2020-08-20');
INSERT INTO Expense (expense_id, amount, status, due_date, description, year, type_id) VALUES (226, 3896.65, 'Paid', '2023-04-14', 'Electricity', 2027, 15);
INSERT INTO Invoice (invoice_id, recipient, amount, issue_date, status, payment_id) VALUES (226, 'John Smith', 7017.27, '2022-02-13', 'Paid', 220);
INSERT INTO AuditRecord (record_id, findings, revenue_id, expense_id, audit_id) VALUES (226, 'Unusual amount', 95, 226, 226);
INSERT INTO FinancialAudit (audit_id, auditor_name, summary, audit_date) VALUES (227, 'Talia Zohar', 'Submission delay', '2024-01-28');
INSERT INTO Expense (expense_id, amount, status, due_date, description, year, type_id) VALUES (227, 1648.31, 'Paid', '2021-04-28', 'Fuel', 2018, 15);
INSERT INTO Invoice (invoice_id, recipient, amount, issue_date, status, payment_id) VALUES (227, 'Avi Cohen', 7252.28, '2021-08-22', 'Paid', 237);
INSERT INTO AuditRecord (record_id, findings, revenue_id, expense_id, audit_id) VALUES (227, 'Submission delay', 376, 227, 227);
INSERT INTO FinancialAudit (audit_id, auditor_name, summary, audit_date) VALUES (228, 'Avi Cohen', 'Document mismatch', '2023-10-17');
INSERT INTO Expense (expense_id, amount, status, due_date, description, year, type_id) VALUES (228, 600.97, 'Pending', '2021-03-03', 'Fuel', 2029, 6);
INSERT INTO Invoice (invoice_id, recipient, amount, issue_date, status, payment_id) VALUES (228, 'John Smith', 6156.35, '2023-06-18', 'Unpaid', 256);
INSERT INTO AuditRecord (record_id, findings, revenue_id, expense_id, audit_id) VALUES (228, 'Document mismatch', 388, 228, 228);
INSERT INTO FinancialAudit (audit_id, auditor_name, summary, audit_date) VALUES (229, 'Avi Cohen', 'Document mismatch', '2022-12-28');
INSERT INTO Expense (expense_id, amount, status, due_date, description, year, type_id) VALUES (229, 1560.75, 'Unpaid', '2023-01-26', 'Water', 2013, 6);
INSERT INTO Invoice (invoice_id, recipient, amount, issue_date, status, payment_id) VALUES (229, 'Avi Cohen', 2851.44, '2021-10-10', 'Unpaid', 261);
INSERT INTO AuditRecord (record_id, findings, revenue_id, expense_id, audit_id) VALUES (229, 'Unusual amount', 195, 229, 229);
INSERT INTO FinancialAudit (audit_id, auditor_name, summary, audit_date) VALUES (230, 'Orna Levi', 'Missing record', '2021-07-01');
INSERT INTO Expense (expense_id, amount, status, due_date, description, year, type_id) VALUES (230, 2010.17, 'Unpaid', '2021-09-09', 'Maintenance', 2005, 6);
INSERT INTO Invoice (invoice_id, recipient, amount, issue_date, status, payment_id) VALUES (230, 'John Smith', 9800.78, '2022-05-18', 'Unpaid', 230);
INSERT INTO AuditRecord (record_id, findings, revenue_id, expense_id, audit_id) VALUES (230, 'Document mismatch', 172, 230, 230);
INSERT INTO FinancialAudit (audit_id, auditor_name, summary, audit_date) VALUES (231, 'Sarah Cohen', 'Budget deviation', '2021-12-12');
INSERT INTO Expense (expense_id, amount, status, due_date, description, year, type_id) VALUES (231, 3551.28, 'Pending', '2022-11-02', 'Rent', 2029, 2);
INSERT INTO Invoice (invoice_id, recipient, amount, issue_date, status, payment_id) VALUES (231, 'Talia Zohar', 7748.22, '2023-02-23', 'Paid', 220);
INSERT INTO AuditRecord (record_id, findings, revenue_id, expense_id, audit_id) VALUES (231, 'Missing record', 157, 231, 231);
INSERT INTO FinancialAudit (audit_id, auditor_name, summary, audit_date) VALUES (232, 'John Smith', 'Missing record', '2023-07-11');
INSERT INTO Expense (expense_id, amount, status, due_date, description, year, type_id) VALUES (232, 1293.31, 'Pending', '2021-03-22', 'Equipment', 2003, 11);
INSERT INTO Invoice (invoice_id, recipient, amount, issue_date, status, payment_id) VALUES (232, 'John Smith', 6716.41, '2022-07-14', 'Paid', 127);
INSERT INTO AuditRecord (record_id, findings, revenue_id, expense_id, audit_id) VALUES (232, 'Submission delay', 219, 232, 232);
INSERT INTO FinancialAudit (audit_id, auditor_name, summary, audit_date) VALUES (233, 'John Smith', 'General check', '2021-06-11');
INSERT INTO Expense (expense_id, amount, status, due_date, description, year, type_id) VALUES (233, 3202.82, 'Paid', '2021-07-09', 'Electricity', 2009, 14);
INSERT INTO Invoice (invoice_id, recipient, amount, issue_date, status, payment_id) VALUES (233, 'Talia Zohar', 2874.57, '2023-08-02', 'Paid', 178);
INSERT INTO AuditRecord (record_id, findings, revenue_id, expense_id, audit_id) VALUES (233, 'Submission delay', 51, 233, 233);
INSERT INTO FinancialAudit (audit_id, auditor_name, summary, audit_date) VALUES (234, 'Daniel Green', 'Document mismatch', '2022-08-15');
INSERT INTO Expense (expense_id, amount, status, due_date, description, year, type_id) VALUES (234, 3719.93, 'Paid', '2022-05-15', 'Software', 2010, 1);
INSERT INTO Invoice (invoice_id, recipient, amount, issue_date, status, payment_id) VALUES (234, 'Talia Zohar', 5358.17, '2021-10-27', 'Paid', 319);
INSERT INTO AuditRecord (record_id, findings, revenue_id, expense_id, audit_id) VALUES (234, 'Missing record', 219, 234, 234);
INSERT INTO FinancialAudit (audit_id, auditor_name, summary, audit_date) VALUES (235, 'Daniel Green', 'Budget deviation', '2023-11-09');
INSERT INTO Expense (expense_id, amount, status, due_date, description, year, type_id) VALUES (235, 156.59, 'Pending', '2022-05-05', 'Software', 2000, 9);
INSERT INTO Invoice (invoice_id, recipient, amount, issue_date, status, payment_id) VALUES (235, 'Daniel Green', 6648.55, '2021-07-24', 'Paid', 360);
INSERT INTO AuditRecord (record_id, findings, revenue_id, expense_id, audit_id) VALUES (235, 'Budget deviation', 269, 235, 235);
INSERT INTO FinancialAudit (audit_id, auditor_name, summary, audit_date) VALUES (236, 'Sarah Cohen', 'Unusual amount', '2023-02-15');
INSERT INTO Expense (expense_id, amount, status, due_date, description, year, type_id) VALUES (236, 4615.22, 'Paid', '2021-05-28', 'Water', 2010, 13);
INSERT INTO Invoice (invoice_id, recipient, amount, issue_date, status, payment_id) VALUES (236, 'Daniel Green', 1945.98, '2023-05-09', 'Paid', 162);
INSERT INTO AuditRecord (record_id, findings, revenue_id, expense_id, audit_id) VALUES (236, 'Unusual amount', 287, 236, 236);
INSERT INTO FinancialAudit (audit_id, auditor_name, summary, audit_date) VALUES (237, 'Talia Zohar', 'Document mismatch', '2021-11-29');
INSERT INTO Expense (expense_id, amount, status, due_date, description, year, type_id) VALUES (237, 3295.43, 'Unpaid', '2021-08-23', 'Hardware', 2017, 5);
INSERT INTO Invoice (invoice_id, recipient, amount, issue_date, status, payment_id) VALUES (237, 'John Smith', 5096.88, '2021-11-26', 'Unpaid', 64);
INSERT INTO AuditRecord (record_id, findings, revenue_id, expense_id, audit_id) VALUES (237, 'Document mismatch', 130, 237, 237);
INSERT INTO FinancialAudit (audit_id, auditor_name, summary, audit_date) VALUES (238, 'Talia Zohar', 'Submission delay', '2023-03-22');
INSERT INTO Expense (expense_id, amount, status, due_date, description, year, type_id) VALUES (238, 824.87, 'Unpaid', '2023-09-27', 'Travel', 2030, 9);
INSERT INTO Invoice (invoice_id, recipient, amount, issue_date, status, payment_id) VALUES (238, 'Talia Zohar', 4650.62, '2021-10-29', 'Unpaid', 107);
INSERT INTO AuditRecord (record_id, findings, revenue_id, expense_id, audit_id) VALUES (238, 'General check', 81, 238, 238);
INSERT INTO FinancialAudit (audit_id, auditor_name, summary, audit_date) VALUES (239, 'Sarah Cohen', 'General check', '2021-02-15');
INSERT INTO Expense (expense_id, amount, status, due_date, description, year, type_id) VALUES (239, 1035.58, 'Pending', '2021-10-21', 'Rent', 2014, 12);
INSERT INTO Invoice (invoice_id, recipient, amount, issue_date, status, payment_id) VALUES (239, 'John Smith', 9390.69, '2022-05-22', 'Unpaid', 216);
INSERT INTO AuditRecord (record_id, findings, revenue_id, expense_id, audit_id) VALUES (239, 'Document mismatch', 194, 239, 239);
INSERT INTO FinancialAudit (audit_id, auditor_name, summary, audit_date) VALUES (240, 'Orna Levi', 'Budget deviation', '2023-05-08');
INSERT INTO Expense (expense_id, amount, status, due_date, description, year, type_id) VALUES (240, 1034.45, 'Paid', '2022-11-09', 'Travel', 2003, 5);
INSERT INTO Invoice (invoice_id, recipient, amount, issue_date, status, payment_id) VALUES (240, 'Orna Levi', 6389.91, '2022-06-12', 'Unpaid', 298);
INSERT INTO AuditRecord (record_id, findings, revenue_id, expense_id, audit_id) VALUES (240, 'General check', 232, 240, 240);
INSERT INTO FinancialAudit (audit_id, auditor_name, summary, audit_date) VALUES (241, 'Sarah Cohen', 'General check', '2020-11-10');
INSERT INTO Expense (expense_id, amount, status, due_date, description, year, type_id) VALUES (241, 3845.38, 'Pending', '2022-06-16', 'Maintenance', 2025, 1);
INSERT INTO Invoice (invoice_id, recipient, amount, issue_date, status, payment_id) VALUES (241, 'Talia Zohar', 5365.42, '2022-11-14', 'Paid', 378);
INSERT INTO AuditRecord (record_id, findings, revenue_id, expense_id, audit_id) VALUES (241, 'Submission delay', 70, 241, 241);
INSERT INTO FinancialAudit (audit_id, auditor_name, summary, audit_date) VALUES (242, 'Sarah Cohen', 'Unusual amount', '2023-03-06');
INSERT INTO Expense (expense_id, amount, status, due_date, description, year, type_id) VALUES (242, 1538.45, 'Pending', '2021-03-31', 'Maintenance', 2013, 7);
INSERT INTO Invoice (invoice_id, recipient, amount, issue_date, status, payment_id) VALUES (242, 'Avi Cohen', 7365.29, '2022-10-28', 'Unpaid', 395);
INSERT INTO AuditRecord (record_id, findings, revenue_id, expense_id, audit_id) VALUES (242, 'Unusual amount', 308, 242, 242);
INSERT INTO FinancialAudit (audit_id, auditor_name, summary, audit_date) VALUES (243, 'John Smith', 'Missing record', '2024-02-02');
INSERT INTO Expense (expense_id, amount, status, due_date, description, year, type_id) VALUES (243, 472.21, 'Paid', '2023-01-28', 'Printing', 2030, 5);
INSERT INTO Invoice (invoice_id, recipient, amount, issue_date, status, payment_id) VALUES (243, 'Talia Zohar', 2253.74, '2021-01-12', 'Unpaid', 385);
INSERT INTO AuditRecord (record_id, findings, revenue_id, expense_id, audit_id) VALUES (243, 'General check', 348, 243, 243);
INSERT INTO FinancialAudit (audit_id, auditor_name, summary, audit_date) VALUES (244, 'John Smith', 'Document mismatch', '2023-09-21');
INSERT INTO Expense (expense_id, amount, status, due_date, description, year, type_id) VALUES (244, 248.57, 'Unpaid', '2023-02-11', 'Software', 2018, 7);
INSERT INTO Invoice (invoice_id, recipient, amount, issue_date, status, payment_id) VALUES (244, 'Daniel Green', 6077.47, '2021-07-22', 'Paid', 180);
INSERT INTO AuditRecord (record_id, findings, revenue_id, expense_id, audit_id) VALUES (244, 'Document mismatch', 399, 244, 244);
INSERT INTO FinancialAudit (audit_id, auditor_name, summary, audit_date) VALUES (245, 'Daniel Green', 'Missing record', '2021-03-12');
INSERT INTO Expense (expense_id, amount, status, due_date, description, year, type_id) VALUES (245, 3241.65, 'Pending', '2021-04-21', 'Services', 2021, 2);
INSERT INTO Invoice (invoice_id, recipient, amount, issue_date, status, payment_id) VALUES (245, 'Daniel Green', 4782.66, '2021-06-20', 'Paid', 228);
INSERT INTO AuditRecord (record_id, findings, revenue_id, expense_id, audit_id) VALUES (245, 'Submission delay', 263, 245, 245);
INSERT INTO FinancialAudit (audit_id, auditor_name, summary, audit_date) VALUES (246, 'Orna Levi', 'Unusual amount', '2023-09-03');
INSERT INTO Expense (expense_id, amount, status, due_date, description, year, type_id) VALUES (246, 1360.59, 'Unpaid', '2022-05-11', 'Water', 2013, 6);
INSERT INTO Invoice (invoice_id, recipient, amount, issue_date, status, payment_id) VALUES (246, 'Orna Levi', 6064.5, '2023-02-10', 'Unpaid', 80);
INSERT INTO AuditRecord (record_id, findings, revenue_id, expense_id, audit_id) VALUES (246, 'Budget deviation', 392, 246, 246);
INSERT INTO FinancialAudit (audit_id, auditor_name, summary, audit_date) VALUES (247, 'Sarah Cohen', 'Document mismatch', '2020-08-30');
INSERT INTO Expense (expense_id, amount, status, due_date, description, year, type_id) VALUES (247, 3239.17, 'Unpaid', '2023-04-04', 'Phone', 2026, 14);
INSERT INTO Invoice (invoice_id, recipient, amount, issue_date, status, payment_id) VALUES (247, 'Talia Zohar', 1864.94, '2022-09-26', 'Paid', 268);
INSERT INTO AuditRecord (record_id, findings, revenue_id, expense_id, audit_id) VALUES (247, 'Unusual amount', 270, 247, 247);
INSERT INTO FinancialAudit (audit_id, auditor_name, summary, audit_date) VALUES (248, 'John Smith', 'Unusual amount', '2020-09-15');
INSERT INTO Expense (expense_id, amount, status, due_date, description, year, type_id) VALUES (248, 2219.71, 'Pending', '2023-03-18', 'Printing', 2030, 8);
INSERT INTO Invoice (invoice_id, recipient, amount, issue_date, status, payment_id) VALUES (248, 'Talia Zohar', 7233.73, '2022-03-29', 'Unpaid', 138);
INSERT INTO AuditRecord (record_id, findings, revenue_id, expense_id, audit_id) VALUES (248, 'Missing record', 272, 248, 248);
INSERT INTO FinancialAudit (audit_id, auditor_name, summary, audit_date) VALUES (249, 'Avi Cohen', 'Document mismatch', '2021-03-01');
INSERT INTO Expense (expense_id, amount, status, due_date, description, year, type_id) VALUES (249, 2006.71, 'Pending', '2021-03-07', 'Rent', 2010, 6);
INSERT INTO Invoice (invoice_id, recipient, amount, issue_date, status, payment_id) VALUES (249, 'Daniel Green', 3293.44, '2021-10-18', 'Unpaid', 294);
INSERT INTO AuditRecord (record_id, findings, revenue_id, expense_id, audit_id) VALUES (249, 'Unusual amount', 231, 249, 249);
INSERT INTO FinancialAudit (audit_id, auditor_name, summary, audit_date) VALUES (250, 'Talia Zohar', 'Unusual amount', '2021-10-10');
INSERT INTO Expense (expense_id, amount, status, due_date, description, year, type_id) VALUES (250, 126.15, 'Paid', '2022-09-26', 'Travel', 2004, 5);
INSERT INTO Invoice (invoice_id, recipient, amount, issue_date, status, payment_id) VALUES (250, 'Avi Cohen', 4615.33, '2022-08-13', 'Paid', 25);
INSERT INTO AuditRecord (record_id, findings, revenue_id, expense_id, audit_id) VALUES (250, 'Budget deviation', 54, 250, 250);
INSERT INTO FinancialAudit (audit_id, auditor_name, summary, audit_date) VALUES (251, 'Orna Levi', 'Submission delay', '2024-01-14');
INSERT INTO Expense (expense_id, amount, status, due_date, description, year, type_id) VALUES (251, 4398.6, 'Unpaid', '2021-07-13', 'Equipment', 2001, 3);
INSERT INTO Invoice (invoice_id, recipient, amount, issue_date, status, payment_id) VALUES (251, 'John Smith', 856.87, '2022-09-02', 'Unpaid', 24);
INSERT INTO AuditRecord (record_id, findings, revenue_id, expense_id, audit_id) VALUES (251, 'Budget deviation', 323, 251, 251);
INSERT INTO FinancialAudit (audit_id, auditor_name, summary, audit_date) VALUES (252, 'Daniel Green', 'Budget deviation', '2021-11-21');
INSERT INTO Expense (expense_id, amount, status, due_date, description, year, type_id) VALUES (252, 902.2, 'Unpaid', '2023-09-23', 'Rent', 2006, 12);
INSERT INTO Invoice (invoice_id, recipient, amount, issue_date, status, payment_id) VALUES (252, 'John Smith', 998.5, '2021-06-11', 'Unpaid', 256);
INSERT INTO AuditRecord (record_id, findings, revenue_id, expense_id, audit_id) VALUES (252, 'Budget deviation', 295, 252, 252);
INSERT INTO FinancialAudit (audit_id, auditor_name, summary, audit_date) VALUES (253, 'Avi Cohen', 'Unusual amount', '2021-04-16');
INSERT INTO Expense (expense_id, amount, status, due_date, description, year, type_id) VALUES (253, 4779.01, 'Paid', '2022-03-28', 'Water', 2025, 3);
INSERT INTO Invoice (invoice_id, recipient, amount, issue_date, status, payment_id) VALUES (253, 'Avi Cohen', 3315.16, '2022-09-05', 'Unpaid', 22);
INSERT INTO AuditRecord (record_id, findings, revenue_id, expense_id, audit_id) VALUES (253, 'Submission delay', 394, 253, 253);
INSERT INTO FinancialAudit (audit_id, auditor_name, summary, audit_date) VALUES (254, 'Talia Zohar', 'Unusual amount', '2020-10-07');
INSERT INTO Expense (expense_id, amount, status, due_date, description, year, type_id) VALUES (254, 3624.43, 'Unpaid', '2022-09-07', 'Electricity', 2005, 5);
INSERT INTO Invoice (invoice_id, recipient, amount, issue_date, status, payment_id) VALUES (254, 'Daniel Green', 3314.23, '2023-03-26', 'Paid', 12);
INSERT INTO AuditRecord (record_id, findings, revenue_id, expense_id, audit_id) VALUES (254, 'Submission delay', 222, 254, 254);
INSERT INTO FinancialAudit (audit_id, auditor_name, summary, audit_date) VALUES (255, 'John Smith', 'Document mismatch', '2020-03-25');
INSERT INTO Expense (expense_id, amount, status, due_date, description, year, type_id) VALUES (255, 2024.58, 'Pending', '2022-10-09', 'Equipment', 2010, 4);
INSERT INTO Invoice (invoice_id, recipient, amount, issue_date, status, payment_id) VALUES (255, 'Sarah Cohen', 5455.87, '2022-01-01', 'Paid', 255);
INSERT INTO AuditRecord (record_id, findings, revenue_id, expense_id, audit_id) VALUES (255, 'Missing record', 21, 255, 255);
INSERT INTO FinancialAudit (audit_id, auditor_name, summary, audit_date) VALUES (256, 'Sarah Cohen', 'General check', '2023-03-02');
INSERT INTO Expense (expense_id, amount, status, due_date, description, year, type_id) VALUES (256, 1012.93, 'Paid', '2021-05-29', 'Electricity', 2012, 6);
INSERT INTO Invoice (invoice_id, recipient, amount, issue_date, status, payment_id) VALUES (256, 'Avi Cohen', 2983.53, '2022-06-19', 'Paid', 201);
INSERT INTO AuditRecord (record_id, findings, revenue_id, expense_id, audit_id) VALUES (256, 'General check', 258, 256, 256);
INSERT INTO FinancialAudit (audit_id, auditor_name, summary, audit_date) VALUES (257, 'Orna Levi', 'Missing record', '2023-04-28');
INSERT INTO Expense (expense_id, amount, status, due_date, description, year, type_id) VALUES (257, 3297.26, 'Paid', '2022-06-15', 'Printing', 2007, 6);
INSERT INTO Invoice (invoice_id, recipient, amount, issue_date, status, payment_id) VALUES (257, 'Daniel Green', 7034.28, '2022-04-28', 'Paid', 180);
INSERT INTO AuditRecord (record_id, findings, revenue_id, expense_id, audit_id) VALUES (257, 'Document mismatch', 324, 257, 257);
INSERT INTO FinancialAudit (audit_id, auditor_name, summary, audit_date) VALUES (258, 'John Smith', 'General check', '2023-07-27');
INSERT INTO Expense (expense_id, amount, status, due_date, description, year, type_id) VALUES (258, 2826.63, 'Unpaid', '2021-12-13', 'Rent', 2030, 4);
INSERT INTO Invoice (invoice_id, recipient, amount, issue_date, status, payment_id) VALUES (258, 'Avi Cohen', 2763.93, '2023-06-27', 'Unpaid', 313);
INSERT INTO AuditRecord (record_id, findings, revenue_id, expense_id, audit_id) VALUES (258, 'Document mismatch', 372, 258, 258);
INSERT INTO FinancialAudit (audit_id, auditor_name, summary, audit_date) VALUES (259, 'Sarah Cohen', 'Missing record', '2023-02-26');
INSERT INTO Expense (expense_id, amount, status, due_date, description, year, type_id) VALUES (259, 2734.27, 'Unpaid', '2023-04-05', 'Electricity', 2005, 9);
INSERT INTO Invoice (invoice_id, recipient, amount, issue_date, status, payment_id) VALUES (259, 'John Smith', 8769.66, '2022-09-16', 'Paid', 73);
INSERT INTO AuditRecord (record_id, findings, revenue_id, expense_id, audit_id) VALUES (259, 'Document mismatch', 49, 259, 259);
INSERT INTO FinancialAudit (audit_id, auditor_name, summary, audit_date) VALUES (260, 'Avi Cohen', 'Unusual amount', '2021-10-16');
INSERT INTO Expense (expense_id, amount, status, due_date, description, year, type_id) VALUES (260, 2205.6, 'Unpaid', '2021-05-05', 'Phone', 2021, 10);
INSERT INTO Invoice (invoice_id, recipient, amount, issue_date, status, payment_id) VALUES (260, 'Daniel Green', 2551.04, '2022-09-06', 'Paid', 182);
INSERT INTO AuditRecord (record_id, findings, revenue_id, expense_id, audit_id) VALUES (260, 'Missing record', 314, 260, 260);
INSERT INTO FinancialAudit (audit_id, auditor_name, summary, audit_date) VALUES (261, 'Talia Zohar', 'General check', '2021-09-16');
INSERT INTO Expense (expense_id, amount, status, due_date, description, year, type_id) VALUES (261, 2119.41, 'Unpaid', '2021-03-26', 'Rent', 2028, 1);
INSERT INTO Invoice (invoice_id, recipient, amount, issue_date, status, payment_id) VALUES (261, 'Sarah Cohen', 4457.67, '2022-04-27', 'Paid', 258);
INSERT INTO AuditRecord (record_id, findings, revenue_id, expense_id, audit_id) VALUES (261, 'Budget deviation', 114, 261, 261);
INSERT INTO FinancialAudit (audit_id, auditor_name, summary, audit_date) VALUES (262, 'Sarah Cohen', 'Submission delay', '2023-09-13');
INSERT INTO Expense (expense_id, amount, status, due_date, description, year, type_id) VALUES (262, 4419.57, 'Paid', '2023-08-18', 'Hardware', 2021, 11);
INSERT INTO Invoice (invoice_id, recipient, amount, issue_date, status, payment_id) VALUES (262, 'Daniel Green', 9907.64, '2021-08-15', 'Unpaid', 102);
INSERT INTO AuditRecord (record_id, findings, revenue_id, expense_id, audit_id) VALUES (262, 'Unusual amount', 313, 262, 262);
INSERT INTO FinancialAudit (audit_id, auditor_name, summary, audit_date) VALUES (263, 'Sarah Cohen', 'Unusual amount', '2023-12-06');
INSERT INTO Expense (expense_id, amount, status, due_date, description, year, type_id) VALUES (263, 517.56, 'Paid', '2022-12-04', 'Repair', 2019, 5);
INSERT INTO Invoice (invoice_id, recipient, amount, issue_date, status, payment_id) VALUES (263, 'John Smith', 1293.53, '2023-03-30', 'Paid', 74);
INSERT INTO AuditRecord (record_id, findings, revenue_id, expense_id, audit_id) VALUES (263, 'Missing record', 69, 263, 263);
INSERT INTO FinancialAudit (audit_id, auditor_name, summary, audit_date) VALUES (264, 'John Smith', 'Submission delay', '2021-07-24');
INSERT INTO Expense (expense_id, amount, status, due_date, description, year, type_id) VALUES (264, 118.6, 'Pending', '2021-09-12', 'Salary', 2021, 3);
INSERT INTO Invoice (invoice_id, recipient, amount, issue_date, status, payment_id) VALUES (264, 'John Smith', 3243.67, '2021-07-21', 'Paid', 257);
INSERT INTO AuditRecord (record_id, findings, revenue_id, expense_id, audit_id) VALUES (264, 'Submission delay', 179, 264, 264);
INSERT INTO FinancialAudit (audit_id, auditor_name, summary, audit_date) VALUES (265, 'Orna Levi', 'Missing record', '2022-01-29');
INSERT INTO Expense (expense_id, amount, status, due_date, description, year, type_id) VALUES (265, 1054.74, 'Paid', '2023-04-22', 'Water', 2010, 15);
INSERT INTO Invoice (invoice_id, recipient, amount, issue_date, status, payment_id) VALUES (265, 'Daniel Green', 3615.36, '2023-02-21', 'Unpaid', 145);
INSERT INTO AuditRecord (record_id, findings, revenue_id, expense_id, audit_id) VALUES (265, 'Unusual amount', 164, 265, 265);
INSERT INTO FinancialAudit (audit_id, auditor_name, summary, audit_date) VALUES (266, 'Orna Levi', 'Missing record', '2021-02-08');
INSERT INTO Expense (expense_id, amount, status, due_date, description, year, type_id) VALUES (266, 549.8, 'Paid', '2021-08-21', 'Equipment', 2016, 15);
INSERT INTO Invoice (invoice_id, recipient, amount, issue_date, status, payment_id) VALUES (266, 'Orna Levi', 2031.86, '2021-05-16', 'Unpaid', 254);
INSERT INTO AuditRecord (record_id, findings, revenue_id, expense_id, audit_id) VALUES (266, 'Unusual amount', 124, 266, 266);
INSERT INTO FinancialAudit (audit_id, auditor_name, summary, audit_date) VALUES (267, 'Avi Cohen', 'Submission delay', '2020-04-01');
INSERT INTO Expense (expense_id, amount, status, due_date, description, year, type_id) VALUES (267, 2143.66, 'Unpaid', '2023-01-06', 'Software', 2001, 15);
INSERT INTO Invoice (invoice_id, recipient, amount, issue_date, status, payment_id) VALUES (267, 'Daniel Green', 9586.38, '2022-11-10', 'Unpaid', 317);
INSERT INTO AuditRecord (record_id, findings, revenue_id, expense_id, audit_id) VALUES (267, 'Unusual amount', 178, 267, 267);
INSERT INTO FinancialAudit (audit_id, auditor_name, summary, audit_date) VALUES (268, 'Sarah Cohen', 'Submission delay', '2023-11-27');
INSERT INTO Expense (expense_id, amount, status, due_date, description, year, type_id) VALUES (268, 4917.82, 'Paid', '2021-01-23', 'Salary', 2006, 5);
INSERT INTO Invoice (invoice_id, recipient, amount, issue_date, status, payment_id) VALUES (268, 'Orna Levi', 6941.72, '2021-03-21', 'Paid', 247);
INSERT INTO AuditRecord (record_id, findings, revenue_id, expense_id, audit_id) VALUES (268, 'Unusual amount', 134, 268, 268);
INSERT INTO FinancialAudit (audit_id, auditor_name, summary, audit_date) VALUES (269, 'Orna Levi', 'Unusual amount', '2023-08-07');
INSERT INTO Expense (expense_id, amount, status, due_date, description, year, type_id) VALUES (269, 2181.11, 'Paid', '2023-07-14', 'Water', 2030, 15);
INSERT INTO Invoice (invoice_id, recipient, amount, issue_date, status, payment_id) VALUES (269, 'Sarah Cohen', 6747.02, '2022-02-08', 'Unpaid', 305);
INSERT INTO AuditRecord (record_id, findings, revenue_id, expense_id, audit_id) VALUES (269, 'Document mismatch', 126, 269, 269);
INSERT INTO FinancialAudit (audit_id, auditor_name, summary, audit_date) VALUES (270, 'Orna Levi', 'Missing record', '2021-12-01');
INSERT INTO Expense (expense_id, amount, status, due_date, description, year, type_id) VALUES (270, 424.02, 'Pending', '2022-12-19', 'Electricity', 2001, 12);
INSERT INTO Invoice (invoice_id, recipient, amount, issue_date, status, payment_id) VALUES (270, 'John Smith', 3729.47, '2023-07-19', 'Unpaid', 377);
INSERT INTO AuditRecord (record_id, findings, revenue_id, expense_id, audit_id) VALUES (270, 'Unusual amount', 347, 270, 270);
INSERT INTO FinancialAudit (audit_id, auditor_name, summary, audit_date) VALUES (271, 'Sarah Cohen', 'Submission delay', '2022-08-16');
INSERT INTO Expense (expense_id, amount, status, due_date, description, year, type_id) VALUES (271, 1216.56, 'Unpaid', '2021-04-27', 'Maintenance', 2018, 2);
INSERT INTO Invoice (invoice_id, recipient, amount, issue_date, status, payment_id) VALUES (271, 'Daniel Green', 5411.44, '2021-03-28', 'Unpaid', 190);
INSERT INTO AuditRecord (record_id, findings, revenue_id, expense_id, audit_id) VALUES (271, 'Missing record', 232, 271, 271);
INSERT INTO FinancialAudit (audit_id, auditor_name, summary, audit_date) VALUES (272, 'John Smith', 'General check', '2023-03-27');
INSERT INTO Expense (expense_id, amount, status, due_date, description, year, type_id) VALUES (272, 4094.23, 'Unpaid', '2023-04-27', 'Fuel', 2026, 13);
INSERT INTO Invoice (invoice_id, recipient, amount, issue_date, status, payment_id) VALUES (272, 'Sarah Cohen', 2815.35, '2021-06-25', 'Unpaid', 111);
INSERT INTO AuditRecord (record_id, findings, revenue_id, expense_id, audit_id) VALUES (272, 'Missing record', 193, 272, 272);
INSERT INTO FinancialAudit (audit_id, auditor_name, summary, audit_date) VALUES (273, 'John Smith', 'General check', '2022-01-12');
INSERT INTO Expense (expense_id, amount, status, due_date, description, year, type_id) VALUES (273, 3130.77, 'Paid', '2023-05-24', 'Phone', 2025, 14);
INSERT INTO Invoice (invoice_id, recipient, amount, issue_date, status, payment_id) VALUES (273, 'Daniel Green', 6810.17, '2021-09-09', 'Paid', 125);
INSERT INTO AuditRecord (record_id, findings, revenue_id, expense_id, audit_id) VALUES (273, 'Unusual amount', 397, 273, 273);
INSERT INTO FinancialAudit (audit_id, auditor_name, summary, audit_date) VALUES (274, 'Sarah Cohen', 'Document mismatch', '2022-08-20');
INSERT INTO Expense (expense_id, amount, status, due_date, description, year, type_id) VALUES (274, 444.94, 'Unpaid', '2022-07-12', 'Equipment', 2002, 7);
INSERT INTO Invoice (invoice_id, recipient, amount, issue_date, status, payment_id) VALUES (274, 'Daniel Green', 8546.55, '2021-03-04', 'Paid', 7);
INSERT INTO AuditRecord (record_id, findings, revenue_id, expense_id, audit_id) VALUES (274, 'Budget deviation', 326, 274, 274);
INSERT INTO FinancialAudit (audit_id, auditor_name, summary, audit_date) VALUES (275, 'Daniel Green', 'Missing record', '2023-06-19');
INSERT INTO Expense (expense_id, amount, status, due_date, description, year, type_id) VALUES (275, 2919.99, 'Unpaid', '2021-02-07', 'Salary', 2008, 9);
INSERT INTO Invoice (invoice_id, recipient, amount, issue_date, status, payment_id) VALUES (275, 'Sarah Cohen', 6038.67, '2021-05-05', 'Unpaid', 325);
INSERT INTO AuditRecord (record_id, findings, revenue_id, expense_id, audit_id) VALUES (275, 'Unusual amount', 181, 275, 275);
INSERT INTO FinancialAudit (audit_id, auditor_name, summary, audit_date) VALUES (276, 'Orna Levi', 'Submission delay', '2021-01-06');
INSERT INTO Expense (expense_id, amount, status, due_date, description, year, type_id) VALUES (276, 1602.05, 'Pending', '2022-12-08', 'Maintenance', 2010, 13);
INSERT INTO Invoice (invoice_id, recipient, amount, issue_date, status, payment_id) VALUES (276, 'Daniel Green', 3300.2, '2021-08-05', 'Paid', 277);
INSERT INTO AuditRecord (record_id, findings, revenue_id, expense_id, audit_id) VALUES (276, 'General check', 259, 276, 276);
INSERT INTO FinancialAudit (audit_id, auditor_name, summary, audit_date) VALUES (277, 'Avi Cohen', 'Missing record', '2022-08-09');
INSERT INTO Expense (expense_id, amount, status, due_date, description, year, type_id) VALUES (277, 1496.41, 'Unpaid', '2021-01-07', 'Equipment', 2012, 15);
INSERT INTO Invoice (invoice_id, recipient, amount, issue_date, status, payment_id) VALUES (277, 'Avi Cohen', 8494.34, '2022-08-28', 'Paid', 52);
INSERT INTO AuditRecord (record_id, findings, revenue_id, expense_id, audit_id) VALUES (277, 'Submission delay', 299, 277, 277);
INSERT INTO FinancialAudit (audit_id, auditor_name, summary, audit_date) VALUES (278, 'John Smith', 'Document mismatch', '2023-10-05');
INSERT INTO Expense (expense_id, amount, status, due_date, description, year, type_id) VALUES (278, 1299.65, 'Paid', '2022-05-13', 'Maintenance', 2026, 14);
INSERT INTO Invoice (invoice_id, recipient, amount, issue_date, status, payment_id) VALUES (278, 'Avi Cohen', 4833.3, '2021-12-15', 'Paid', 376);
INSERT INTO AuditRecord (record_id, findings, revenue_id, expense_id, audit_id) VALUES (278, 'Missing record', 334, 278, 278);
INSERT INTO FinancialAudit (audit_id, auditor_name, summary, audit_date) VALUES (279, 'John Smith', 'Submission delay', '2020-09-19');
INSERT INTO Expense (expense_id, amount, status, due_date, description, year, type_id) VALUES (279, 2439.28, 'Pending', '2022-04-16', 'Repair', 2019, 4);
INSERT INTO Invoice (invoice_id, recipient, amount, issue_date, status, payment_id) VALUES (279, 'Sarah Cohen', 7743.44, '2021-06-14', 'Unpaid', 188);
INSERT INTO AuditRecord (record_id, findings, revenue_id, expense_id, audit_id) VALUES (279, 'Unusual amount', 23, 279, 279);
INSERT INTO FinancialAudit (audit_id, auditor_name, summary, audit_date) VALUES (280, 'Orna Levi', 'Budget deviation', '2021-02-21');
INSERT INTO Expense (expense_id, amount, status, due_date, description, year, type_id) VALUES (280, 3375.26, 'Unpaid', '2021-03-03', 'Equipment', 2011, 1);
INSERT INTO Invoice (invoice_id, recipient, amount, issue_date, status, payment_id) VALUES (280, 'Orna Levi', 7479.87, '2023-07-07', 'Unpaid', 75);
INSERT INTO AuditRecord (record_id, findings, revenue_id, expense_id, audit_id) VALUES (280, 'Budget deviation', 85, 280, 280);
INSERT INTO FinancialAudit (audit_id, auditor_name, summary, audit_date) VALUES (281, 'John Smith', 'Missing record', '2020-04-30');
INSERT INTO Expense (expense_id, amount, status, due_date, description, year, type_id) VALUES (281, 4031.38, 'Paid', '2022-05-06', 'Equipment', 2026, 9);
INSERT INTO Invoice (invoice_id, recipient, amount, issue_date, status, payment_id) VALUES (281, 'Daniel Green', 3090.16, '2023-07-30', 'Unpaid', 245);
INSERT INTO AuditRecord (record_id, findings, revenue_id, expense_id, audit_id) VALUES (281, 'General check', 12, 281, 281);
INSERT INTO FinancialAudit (audit_id, auditor_name, summary, audit_date) VALUES (282, 'Orna Levi', 'Document mismatch', '2020-12-09');
INSERT INTO Expense (expense_id, amount, status, due_date, description, year, type_id) VALUES (282, 297.79, 'Paid', '2021-12-26', 'Hardware', 2019, 7);
INSERT INTO Invoice (invoice_id, recipient, amount, issue_date, status, payment_id) VALUES (282, 'Daniel Green', 866.08, '2022-10-03', 'Paid', 215);
INSERT INTO AuditRecord (record_id, findings, revenue_id, expense_id, audit_id) VALUES (282, 'Unusual amount', 258, 282, 282);
INSERT INTO FinancialAudit (audit_id, auditor_name, summary, audit_date) VALUES (283, 'Daniel Green', 'Unusual amount', '2021-04-26');
INSERT INTO Expense (expense_id, amount, status, due_date, description, year, type_id) VALUES (283, 1157.27, 'Unpaid', '2023-01-21', 'Equipment', 2008, 15);
INSERT INTO Invoice (invoice_id, recipient, amount, issue_date, status, payment_id) VALUES (283, 'Orna Levi', 8102.81, '2021-09-26', 'Paid', 5);
INSERT INTO AuditRecord (record_id, findings, revenue_id, expense_id, audit_id) VALUES (283, 'General check', 70, 283, 283);
INSERT INTO FinancialAudit (audit_id, auditor_name, summary, audit_date) VALUES (284, 'Talia Zohar', 'Budget deviation', '2020-10-19');
INSERT INTO Expense (expense_id, amount, status, due_date, description, year, type_id) VALUES (284, 3298.69, 'Pending', '2021-08-09', 'Insurance', 2002, 12);
INSERT INTO Invoice (invoice_id, recipient, amount, issue_date, status, payment_id) VALUES (284, 'Daniel Green', 3367.28, '2023-06-05', 'Paid', 33);
INSERT INTO AuditRecord (record_id, findings, revenue_id, expense_id, audit_id) VALUES (284, 'General check', 115, 284, 284);
INSERT INTO FinancialAudit (audit_id, auditor_name, summary, audit_date) VALUES (285, 'John Smith', 'Document mismatch', '2020-03-30');
INSERT INTO Expense (expense_id, amount, status, due_date, description, year, type_id) VALUES (285, 4474.21, 'Unpaid', '2021-12-23', 'Maintenance', 2018, 12);
INSERT INTO Invoice (invoice_id, recipient, amount, issue_date, status, payment_id) VALUES (285, 'John Smith', 5224.11, '2023-06-19', 'Paid', 128);
INSERT INTO AuditRecord (record_id, findings, revenue_id, expense_id, audit_id) VALUES (285, 'Budget deviation', 144, 285, 285);
INSERT INTO FinancialAudit (audit_id, auditor_name, summary, audit_date) VALUES (286, 'John Smith', 'General check', '2023-01-10');
INSERT INTO Expense (expense_id, amount, status, due_date, description, year, type_id) VALUES (286, 3539.52, 'Pending', '2021-09-19', 'Fuel', 2020, 2);
INSERT INTO Invoice (invoice_id, recipient, amount, issue_date, status, payment_id) VALUES (286, 'John Smith', 5919.71, '2021-04-23', 'Paid', 221);
INSERT INTO AuditRecord (record_id, findings, revenue_id, expense_id, audit_id) VALUES (286, 'Budget deviation', 73, 286, 286);
INSERT INTO FinancialAudit (audit_id, auditor_name, summary, audit_date) VALUES (287, 'Talia Zohar', 'Document mismatch', '2024-01-23');
INSERT INTO Expense (expense_id, amount, status, due_date, description, year, type_id) VALUES (287, 1375.02, 'Pending', '2021-01-31', 'Rent', 2020, 1);
INSERT INTO Invoice (invoice_id, recipient, amount, issue_date, status, payment_id) VALUES (287, 'Daniel Green', 6725.48, '2021-10-06', 'Unpaid', 203);
INSERT INTO AuditRecord (record_id, findings, revenue_id, expense_id, audit_id) VALUES (287, 'Document mismatch', 133, 287, 287);
INSERT INTO FinancialAudit (audit_id, auditor_name, summary, audit_date) VALUES (288, 'Orna Levi', 'Budget deviation', '2022-04-20');
INSERT INTO Expense (expense_id, amount, status, due_date, description, year, type_id) VALUES (288, 1683.37, 'Unpaid', '2021-07-27', 'Hardware', 2012, 11);
INSERT INTO Invoice (invoice_id, recipient, amount, issue_date, status, payment_id) VALUES (288, 'Sarah Cohen', 6598.68, '2023-05-13', 'Unpaid', 228);
INSERT INTO AuditRecord (record_id, findings, revenue_id, expense_id, audit_id) VALUES (288, 'Unusual amount', 39, 288, 288);
INSERT INTO FinancialAudit (audit_id, auditor_name, summary, audit_date) VALUES (289, 'Avi Cohen', 'General check', '2020-01-12');
INSERT INTO Expense (expense_id, amount, status, due_date, description, year, type_id) VALUES (289, 4439.23, 'Paid', '2022-03-13', 'Printing', 2025, 13);
INSERT INTO Invoice (invoice_id, recipient, amount, issue_date, status, payment_id) VALUES (289, 'Avi Cohen', 9034.29, '2022-02-06', 'Unpaid', 273);
INSERT INTO AuditRecord (record_id, findings, revenue_id, expense_id, audit_id) VALUES (289, 'Budget deviation', 7, 289, 289);
INSERT INTO FinancialAudit (audit_id, auditor_name, summary, audit_date) VALUES (290, 'Daniel Green', 'Budget deviation', '2024-01-30');
INSERT INTO Expense (expense_id, amount, status, due_date, description, year, type_id) VALUES (290, 2289.52, 'Pending', '2023-01-21', 'Salary', 2006, 13);
INSERT INTO Invoice (invoice_id, recipient, amount, issue_date, status, payment_id) VALUES (290, 'Sarah Cohen', 7383.54, '2023-06-27', 'Unpaid', 297);
INSERT INTO AuditRecord (record_id, findings, revenue_id, expense_id, audit_id) VALUES (290, 'Unusual amount', 92, 290, 290);
INSERT INTO FinancialAudit (audit_id, auditor_name, summary, audit_date) VALUES (291, 'Sarah Cohen', 'Missing record', '2020-03-24');
INSERT INTO Expense (expense_id, amount, status, due_date, description, year, type_id) VALUES (291, 435.22, 'Paid', '2021-12-03', 'Electricity', 2025, 11);
INSERT INTO Invoice (invoice_id, recipient, amount, issue_date, status, payment_id) VALUES (291, 'Avi Cohen', 5984.58, '2022-10-01', 'Unpaid', 278);
INSERT INTO AuditRecord (record_id, findings, revenue_id, expense_id, audit_id) VALUES (291, 'Submission delay', 188, 291, 291);
INSERT INTO FinancialAudit (audit_id, auditor_name, summary, audit_date) VALUES (292, 'Talia Zohar', 'Budget deviation', '2020-11-23');
INSERT INTO Expense (expense_id, amount, status, due_date, description, year, type_id) VALUES (292, 1831.36, 'Unpaid', '2021-11-17', 'Fuel', 2007, 11);
INSERT INTO Invoice (invoice_id, recipient, amount, issue_date, status, payment_id) VALUES (292, 'John Smith', 4476.08, '2023-08-11', 'Paid', 313);
INSERT INTO AuditRecord (record_id, findings, revenue_id, expense_id, audit_id) VALUES (292, 'General check', 397, 292, 292);
INSERT INTO FinancialAudit (audit_id, auditor_name, summary, audit_date) VALUES (293, 'Avi Cohen', 'Budget deviation', '2023-12-24');
INSERT INTO Expense (expense_id, amount, status, due_date, description, year, type_id) VALUES (293, 4789.92, 'Unpaid', '2023-03-13', 'Repair', 2028, 14);
INSERT INTO Invoice (invoice_id, recipient, amount, issue_date, status, payment_id) VALUES (293, 'Talia Zohar', 5842.35, '2022-02-09', 'Unpaid', 249);
INSERT INTO AuditRecord (record_id, findings, revenue_id, expense_id, audit_id) VALUES (293, 'Submission delay', 303, 293, 293);
INSERT INTO FinancialAudit (audit_id, auditor_name, summary, audit_date) VALUES (294, 'Sarah Cohen', 'General check', '2022-01-08');
INSERT INTO Expense (expense_id, amount, status, due_date, description, year, type_id) VALUES (294, 3388.01, 'Pending', '2022-08-03', 'Maintenance', 2006, 8);
INSERT INTO Invoice (invoice_id, recipient, amount, issue_date, status, payment_id) VALUES (294, 'Talia Zohar', 6478.7, '2021-04-02', 'Paid', 377);
INSERT INTO AuditRecord (record_id, findings, revenue_id, expense_id, audit_id) VALUES (294, 'Unusual amount', 340, 294, 294);
INSERT INTO FinancialAudit (audit_id, auditor_name, summary, audit_date) VALUES (295, 'Talia Zohar', 'Document mismatch', '2023-06-08');
INSERT INTO Expense (expense_id, amount, status, due_date, description, year, type_id) VALUES (295, 1806.59, 'Paid', '2023-06-16', 'Phone', 2002, 3);
INSERT INTO Invoice (invoice_id, recipient, amount, issue_date, status, payment_id) VALUES (295, 'Orna Levi', 3811.3, '2022-08-27', 'Unpaid', 310);
INSERT INTO AuditRecord (record_id, findings, revenue_id, expense_id, audit_id) VALUES (295, 'General check', 64, 295, 295);
INSERT INTO FinancialAudit (audit_id, auditor_name, summary, audit_date) VALUES (296, 'Daniel Green', 'Missing record', '2023-03-07');
INSERT INTO Expense (expense_id, amount, status, due_date, description, year, type_id) VALUES (296, 1260.45, 'Pending', '2021-09-16', 'Services', 2012, 6);
INSERT INTO Invoice (invoice_id, recipient, amount, issue_date, status, payment_id) VALUES (296, 'Daniel Green', 8211.78, '2021-08-17', 'Unpaid', 323);
INSERT INTO AuditRecord (record_id, findings, revenue_id, expense_id, audit_id) VALUES (296, 'Document mismatch', 260, 296, 296);
INSERT INTO FinancialAudit (audit_id, auditor_name, summary, audit_date) VALUES (297, 'John Smith', 'Unusual amount', '2024-01-08');
INSERT INTO Expense (expense_id, amount, status, due_date, description, year, type_id) VALUES (297, 354.94, 'Unpaid', '2021-04-01', 'Phone', 2009, 7);
INSERT INTO Invoice (invoice_id, recipient, amount, issue_date, status, payment_id) VALUES (297, 'Avi Cohen', 1290.8, '2022-02-22', 'Unpaid', 231);
INSERT INTO AuditRecord (record_id, findings, revenue_id, expense_id, audit_id) VALUES (297, 'Budget deviation', 187, 297, 297);
INSERT INTO FinancialAudit (audit_id, auditor_name, summary, audit_date) VALUES (298, 'Talia Zohar', 'Budget deviation', '2020-08-21');
INSERT INTO Expense (expense_id, amount, status, due_date, description, year, type_id) VALUES (298, 2731.08, 'Unpaid', '2022-07-13', 'Hardware', 2015, 10);
INSERT INTO Invoice (invoice_id, recipient, amount, issue_date, status, payment_id) VALUES (298, 'John Smith', 8202.89, '2021-09-25', 'Paid', 81);
INSERT INTO AuditRecord (record_id, findings, revenue_id, expense_id, audit_id) VALUES (298, 'Document mismatch', 168, 298, 298);
INSERT INTO FinancialAudit (audit_id, auditor_name, summary, audit_date) VALUES (299, 'Avi Cohen', 'Budget deviation', '2021-05-15');
INSERT INTO Expense (expense_id, amount, status, due_date, description, year, type_id) VALUES (299, 1777.13, 'Paid', '2021-01-27', 'Services', 2015, 6);
INSERT INTO Invoice (invoice_id, recipient, amount, issue_date, status, payment_id) VALUES (299, 'Avi Cohen', 1996.08, '2022-06-28', 'Paid', 156);
INSERT INTO AuditRecord (record_id, findings, revenue_id, expense_id, audit_id) VALUES (299, 'Submission delay', 317, 299, 299);
INSERT INTO FinancialAudit (audit_id, auditor_name, summary, audit_date) VALUES (300, 'Orna Levi', 'Budget deviation', '2023-12-23');
INSERT INTO Expense (expense_id, amount, status, due_date, description, year, type_id) VALUES (300, 2515.53, 'Unpaid', '2022-08-15', 'Electricity', 2001, 5);
INSERT INTO Invoice (invoice_id, recipient, amount, issue_date, status, payment_id) VALUES (300, 'Talia Zohar', 1840.98, '2022-08-31', 'Unpaid', 110);
INSERT INTO AuditRecord (record_id, findings, revenue_id, expense_id, audit_id) VALUES (300, 'Unusual amount', 194, 300, 300);
INSERT INTO FinancialAudit (audit_id, auditor_name, summary, audit_date) VALUES (301, 'Avi Cohen', 'Missing record', '2023-07-05');
INSERT INTO Expense (expense_id, amount, status, due_date, description, year, type_id) VALUES (301, 1135.74, 'Pending', '2022-02-28', 'Water', 2013, 12);
INSERT INTO Invoice (invoice_id, recipient, amount, issue_date, status, payment_id) VALUES (301, 'Daniel Green', 2962.83, '2021-05-15', 'Paid', 110);
INSERT INTO AuditRecord (record_id, findings, revenue_id, expense_id, audit_id) VALUES (301, 'Document mismatch', 293, 301, 301);
INSERT INTO FinancialAudit (audit_id, auditor_name, summary, audit_date) VALUES (302, 'Talia Zohar', 'General check', '2022-03-16');
INSERT INTO Expense (expense_id, amount, status, due_date, description, year, type_id) VALUES (302, 601.36, 'Paid', '2021-02-23', 'Printing', 2028, 1);
INSERT INTO Invoice (invoice_id, recipient, amount, issue_date, status, payment_id) VALUES (302, 'John Smith', 3847.81, '2023-03-20', 'Paid', 106);
INSERT INTO AuditRecord (record_id, findings, revenue_id, expense_id, audit_id) VALUES (302, 'Submission delay', 121, 302, 302);
INSERT INTO FinancialAudit (audit_id, auditor_name, summary, audit_date) VALUES (303, 'Orna Levi', 'General check', '2023-11-03');
INSERT INTO Expense (expense_id, amount, status, due_date, description, year, type_id) VALUES (303, 650.47, 'Unpaid', '2022-01-09', 'Salary', 2027, 5);
INSERT INTO Invoice (invoice_id, recipient, amount, issue_date, status, payment_id) VALUES (303, 'Orna Levi', 5270.15, '2023-03-19', 'Unpaid', 316);
INSERT INTO AuditRecord (record_id, findings, revenue_id, expense_id, audit_id) VALUES (303, 'Document mismatch', 361, 303, 303);
INSERT INTO FinancialAudit (audit_id, auditor_name, summary, audit_date) VALUES (304, 'Sarah Cohen', 'Submission delay', '2022-01-15');
INSERT INTO Expense (expense_id, amount, status, due_date, description, year, type_id) VALUES (304, 2499.09, 'Paid', '2021-08-26', 'Services', 2028, 4);
INSERT INTO Invoice (invoice_id, recipient, amount, issue_date, status, payment_id) VALUES (304, 'Daniel Green', 4592.39, '2022-10-23', 'Paid', 310);
INSERT INTO AuditRecord (record_id, findings, revenue_id, expense_id, audit_id) VALUES (304, 'Budget deviation', 171, 304, 304);
INSERT INTO FinancialAudit (audit_id, auditor_name, summary, audit_date) VALUES (305, 'John Smith', 'Unusual amount', '2023-10-18');
INSERT INTO Expense (expense_id, amount, status, due_date, description, year, type_id) VALUES (305, 2364.27, 'Paid', '2021-12-30', 'Fuel', 2020, 11);
INSERT INTO Invoice (invoice_id, recipient, amount, issue_date, status, payment_id) VALUES (305, 'Avi Cohen', 9171.75, '2023-09-10', 'Paid', 71);
INSERT INTO AuditRecord (record_id, findings, revenue_id, expense_id, audit_id) VALUES (305, 'Unusual amount', 314, 305, 305);
INSERT INTO FinancialAudit (audit_id, auditor_name, summary, audit_date) VALUES (306, 'John Smith', 'General check', '2024-02-05');
INSERT INTO Expense (expense_id, amount, status, due_date, description, year, type_id) VALUES (306, 4621.84, 'Unpaid', '2023-07-31', 'Salary', 2000, 9);
INSERT INTO Invoice (invoice_id, recipient, amount, issue_date, status, payment_id) VALUES (306, 'John Smith', 9366.51, '2021-05-01', 'Unpaid', 151);
INSERT INTO AuditRecord (record_id, findings, revenue_id, expense_id, audit_id) VALUES (306, 'Submission delay', 322, 306, 306);
INSERT INTO FinancialAudit (audit_id, auditor_name, summary, audit_date) VALUES (307, 'Daniel Green', 'General check', '2021-08-27');
INSERT INTO Expense (expense_id, amount, status, due_date, description, year, type_id) VALUES (307, 3899.86, 'Unpaid', '2021-11-24', 'Travel', 2000, 3);
INSERT INTO Invoice (invoice_id, recipient, amount, issue_date, status, payment_id) VALUES (307, 'Daniel Green', 9847.18, '2021-10-15', 'Paid', 14);
INSERT INTO AuditRecord (record_id, findings, revenue_id, expense_id, audit_id) VALUES (307, 'Budget deviation', 56, 307, 307);
INSERT INTO FinancialAudit (audit_id, auditor_name, summary, audit_date) VALUES (308, 'Sarah Cohen', 'Unusual amount', '2023-12-30');
INSERT INTO Expense (expense_id, amount, status, due_date, description, year, type_id) VALUES (308, 2397.54, 'Paid', '2023-06-23', 'Electricity', 2020, 8);
INSERT INTO Invoice (invoice_id, recipient, amount, issue_date, status, payment_id) VALUES (308, 'Sarah Cohen', 6563.85, '2021-01-16', 'Unpaid', 260);
INSERT INTO AuditRecord (record_id, findings, revenue_id, expense_id, audit_id) VALUES (308, 'Submission delay', 325, 308, 308);
INSERT INTO FinancialAudit (audit_id, auditor_name, summary, audit_date) VALUES (309, 'John Smith', 'Unusual amount', '2021-03-13');
INSERT INTO Expense (expense_id, amount, status, due_date, description, year, type_id) VALUES (309, 3460.65, 'Unpaid', '2023-03-09', 'Water', 2026, 10);
INSERT INTO Invoice (invoice_id, recipient, amount, issue_date, status, payment_id) VALUES (309, 'Daniel Green', 7935.27, '2023-01-09', 'Unpaid', 138);
INSERT INTO AuditRecord (record_id, findings, revenue_id, expense_id, audit_id) VALUES (309, 'General check', 260, 309, 309);
INSERT INTO FinancialAudit (audit_id, auditor_name, summary, audit_date) VALUES (310, 'Daniel Green', 'Document mismatch', '2023-08-22');
INSERT INTO Expense (expense_id, amount, status, due_date, description, year, type_id) VALUES (310, 2075.9, 'Unpaid', '2021-12-06', 'Phone', 2027, 14);
INSERT INTO Invoice (invoice_id, recipient, amount, issue_date, status, payment_id) VALUES (310, 'John Smith', 4882.17, '2021-03-17', 'Paid', 155);
INSERT INTO AuditRecord (record_id, findings, revenue_id, expense_id, audit_id) VALUES (310, 'General check', 270, 310, 310);
INSERT INTO FinancialAudit (audit_id, auditor_name, summary, audit_date) VALUES (311, 'John Smith', 'Budget deviation', '2023-01-19');
INSERT INTO Expense (expense_id, amount, status, due_date, description, year, type_id) VALUES (311, 3378.76, 'Pending', '2021-07-04', 'Software', 2010, 3);
INSERT INTO Invoice (invoice_id, recipient, amount, issue_date, status, payment_id) VALUES (311, 'Talia Zohar', 6505.22, '2022-11-05', 'Paid', 378);
INSERT INTO AuditRecord (record_id, findings, revenue_id, expense_id, audit_id) VALUES (311, 'General check', 326, 311, 311);
INSERT INTO FinancialAudit (audit_id, auditor_name, summary, audit_date) VALUES (312, 'Talia Zohar', 'Unusual amount', '2023-11-30');
INSERT INTO Expense (expense_id, amount, status, due_date, description, year, type_id) VALUES (312, 2732.57, 'Unpaid', '2022-10-05', 'Travel', 2027, 3);
INSERT INTO Invoice (invoice_id, recipient, amount, issue_date, status, payment_id) VALUES (312, 'Sarah Cohen', 4281.32, '2023-04-07', 'Unpaid', 251);
INSERT INTO AuditRecord (record_id, findings, revenue_id, expense_id, audit_id) VALUES (312, 'Missing record', 355, 312, 312);
INSERT INTO FinancialAudit (audit_id, auditor_name, summary, audit_date) VALUES (313, 'Talia Zohar', 'Budget deviation', '2023-05-07');
INSERT INTO Expense (expense_id, amount, status, due_date, description, year, type_id) VALUES (313, 987.74, 'Paid', '2021-10-01', 'Fuel', 2003, 5);
INSERT INTO Invoice (invoice_id, recipient, amount, issue_date, status, payment_id) VALUES (313, 'Sarah Cohen', 2015.51, '2021-10-10', 'Paid', 30);
INSERT INTO AuditRecord (record_id, findings, revenue_id, expense_id, audit_id) VALUES (313, 'Document mismatch', 391, 313, 313);
INSERT INTO FinancialAudit (audit_id, auditor_name, summary, audit_date) VALUES (314, 'Daniel Green', 'Submission delay', '2021-06-14');
INSERT INTO Expense (expense_id, amount, status, due_date, description, year, type_id) VALUES (314, 4733.97, 'Pending', '2022-11-19', 'Maintenance', 2012, 4);
INSERT INTO Invoice (invoice_id, recipient, amount, issue_date, status, payment_id) VALUES (314, 'Sarah Cohen', 8966.22, '2022-01-30', 'Paid', 115);
INSERT INTO AuditRecord (record_id, findings, revenue_id, expense_id, audit_id) VALUES (314, 'Missing record', 301, 314, 314);
INSERT INTO FinancialAudit (audit_id, auditor_name, summary, audit_date) VALUES (315, 'Orna Levi', 'General check', '2020-12-21');
INSERT INTO Expense (expense_id, amount, status, due_date, description, year, type_id) VALUES (315, 827.22, 'Unpaid', '2021-07-21', 'Hardware', 2011, 9);
INSERT INTO Invoice (invoice_id, recipient, amount, issue_date, status, payment_id) VALUES (315, 'Daniel Green', 7084.37, '2021-02-06', 'Unpaid', 142);
INSERT INTO AuditRecord (record_id, findings, revenue_id, expense_id, audit_id) VALUES (315, 'Budget deviation', 388, 315, 315);
INSERT INTO FinancialAudit (audit_id, auditor_name, summary, audit_date) VALUES (316, 'Daniel Green', 'Missing record', '2020-06-27');
INSERT INTO Expense (expense_id, amount, status, due_date, description, year, type_id) VALUES (316, 1559.08, 'Paid', '2021-04-02', 'Hardware', 2017, 2);
INSERT INTO Invoice (invoice_id, recipient, amount, issue_date, status, payment_id) VALUES (316, 'Orna Levi', 1918.34, '2022-02-14', 'Unpaid', 104);
INSERT INTO AuditRecord (record_id, findings, revenue_id, expense_id, audit_id) VALUES (316, 'Budget deviation', 380, 316, 316);
INSERT INTO FinancialAudit (audit_id, auditor_name, summary, audit_date) VALUES (317, 'John Smith', 'Submission delay', '2022-07-20');
INSERT INTO Expense (expense_id, amount, status, due_date, description, year, type_id) VALUES (317, 1042.01, 'Unpaid', '2021-05-04', 'Maintenance', 2022, 7);
INSERT INTO Invoice (invoice_id, recipient, amount, issue_date, status, payment_id) VALUES (317, 'Daniel Green', 7925.49, '2022-01-23', 'Paid', 290);
INSERT INTO AuditRecord (record_id, findings, revenue_id, expense_id, audit_id) VALUES (317, 'Budget deviation', 69, 317, 317);
INSERT INTO FinancialAudit (audit_id, auditor_name, summary, audit_date) VALUES (318, 'Daniel Green', 'Missing record', '2023-07-24');
INSERT INTO Expense (expense_id, amount, status, due_date, description, year, type_id) VALUES (318, 3331.76, 'Pending', '2021-01-04', 'Software', 2027, 2);
INSERT INTO Invoice (invoice_id, recipient, amount, issue_date, status, payment_id) VALUES (318, 'Daniel Green', 7097.46, '2022-12-16', 'Paid', 168);
INSERT INTO AuditRecord (record_id, findings, revenue_id, expense_id, audit_id) VALUES (318, 'Unusual amount', 359, 318, 318);
INSERT INTO FinancialAudit (audit_id, auditor_name, summary, audit_date) VALUES (319, 'Avi Cohen', 'Budget deviation', '2021-04-28');
INSERT INTO Expense (expense_id, amount, status, due_date, description, year, type_id) VALUES (319, 2367.14, 'Unpaid', '2022-08-23', 'Salary', 2016, 2);
INSERT INTO Invoice (invoice_id, recipient, amount, issue_date, status, payment_id) VALUES (319, 'Orna Levi', 2803.33, '2023-03-25', 'Unpaid', 340);
INSERT INTO AuditRecord (record_id, findings, revenue_id, expense_id, audit_id) VALUES (319, 'General check', 28, 319, 319);
INSERT INTO FinancialAudit (audit_id, auditor_name, summary, audit_date) VALUES (320, 'Talia Zohar', 'General check', '2021-11-25');
INSERT INTO Expense (expense_id, amount, status, due_date, description, year, type_id) VALUES (320, 119.0, 'Unpaid', '2022-05-28', 'Salary', 2019, 13);
INSERT INTO Invoice (invoice_id, recipient, amount, issue_date, status, payment_id) VALUES (320, 'John Smith', 7182.93, '2021-07-22', 'Paid', 212);
INSERT INTO AuditRecord (record_id, findings, revenue_id, expense_id, audit_id) VALUES (320, 'Unusual amount', 196, 320, 320);
INSERT INTO FinancialAudit (audit_id, auditor_name, summary, audit_date) VALUES (321, 'Daniel Green', 'General check', '2021-12-09');
INSERT INTO Expense (expense_id, amount, status, due_date, description, year, type_id) VALUES (321, 4683.11, 'Pending', '2023-05-09', 'Salary', 2005, 14);
INSERT INTO Invoice (invoice_id, recipient, amount, issue_date, status, payment_id) VALUES (321, 'Daniel Green', 8880.34, '2023-05-20', 'Paid', 290);
INSERT INTO AuditRecord (record_id, findings, revenue_id, expense_id, audit_id) VALUES (321, 'Document mismatch', 142, 321, 321);
INSERT INTO FinancialAudit (audit_id, auditor_name, summary, audit_date) VALUES (322, 'Sarah Cohen', 'General check', '2023-12-11');
INSERT INTO Expense (expense_id, amount, status, due_date, description, year, type_id) VALUES (322, 4456.67, 'Pending', '2023-08-29', 'Phone', 2016, 6);
INSERT INTO Invoice (invoice_id, recipient, amount, issue_date, status, payment_id) VALUES (322, 'John Smith', 8300.48, '2021-06-22', 'Paid', 280);
INSERT INTO AuditRecord (record_id, findings, revenue_id, expense_id, audit_id) VALUES (322, 'Budget deviation', 222, 322, 322);
INSERT INTO FinancialAudit (audit_id, auditor_name, summary, audit_date) VALUES (323, 'Sarah Cohen', 'Unusual amount', '2022-10-29');
INSERT INTO Expense (expense_id, amount, status, due_date, description, year, type_id) VALUES (323, 699.78, 'Pending', '2021-12-03', 'Repair', 2023, 11);
INSERT INTO Invoice (invoice_id, recipient, amount, issue_date, status, payment_id) VALUES (323, 'Sarah Cohen', 4283.37, '2022-09-28', 'Paid', 369);
INSERT INTO AuditRecord (record_id, findings, revenue_id, expense_id, audit_id) VALUES (323, 'Document mismatch', 194, 323, 323);
INSERT INTO FinancialAudit (audit_id, auditor_name, summary, audit_date) VALUES (324, 'Avi Cohen', 'General check', '2023-11-25');
INSERT INTO Expense (expense_id, amount, status, due_date, description, year, type_id) VALUES (324, 3354.38, 'Pending', '2022-01-02', 'Rent', 2026, 5);
INSERT INTO Invoice (invoice_id, recipient, amount, issue_date, status, payment_id) VALUES (324, 'Avi Cohen', 2141.88, '2021-07-21', 'Unpaid', 49);
INSERT INTO AuditRecord (record_id, findings, revenue_id, expense_id, audit_id) VALUES (324, 'Missing record', 157, 324, 324);
INSERT INTO FinancialAudit (audit_id, auditor_name, summary, audit_date) VALUES (325, 'Avi Cohen', 'Missing record', '2022-11-19');
INSERT INTO Expense (expense_id, amount, status, due_date, description, year, type_id) VALUES (325, 1217.12, 'Unpaid', '2022-04-27', 'Electricity', 2026, 6);
INSERT INTO Invoice (invoice_id, recipient, amount, issue_date, status, payment_id) VALUES (325, 'Sarah Cohen', 6237.25, '2022-11-19', 'Paid', 278);
INSERT INTO AuditRecord (record_id, findings, revenue_id, expense_id, audit_id) VALUES (325, 'Missing record', 224, 325, 325);
INSERT INTO FinancialAudit (audit_id, auditor_name, summary, audit_date) VALUES (326, 'Daniel Green', 'Submission delay', '2023-10-16');
INSERT INTO Expense (expense_id, amount, status, due_date, description, year, type_id) VALUES (326, 1410.72, 'Paid', '2021-10-25', 'Services', 2012, 7);
INSERT INTO Invoice (invoice_id, recipient, amount, issue_date, status, payment_id) VALUES (326, 'Orna Levi', 4081.43, '2021-08-31', 'Unpaid', 250);
INSERT INTO AuditRecord (record_id, findings, revenue_id, expense_id, audit_id) VALUES (326, 'Document mismatch', 132, 326, 326);
INSERT INTO FinancialAudit (audit_id, auditor_name, summary, audit_date) VALUES (327, 'Daniel Green', 'Budget deviation', '2021-01-18');
INSERT INTO Expense (expense_id, amount, status, due_date, description, year, type_id) VALUES (327, 227.41, 'Unpaid', '2022-09-08', 'Water', 2026, 7);
INSERT INTO Invoice (invoice_id, recipient, amount, issue_date, status, payment_id) VALUES (327, 'Avi Cohen', 7090.74, '2022-11-01', 'Paid', 103);
INSERT INTO AuditRecord (record_id, findings, revenue_id, expense_id, audit_id) VALUES (327, 'Submission delay', 76, 327, 327);
INSERT INTO FinancialAudit (audit_id, auditor_name, summary, audit_date) VALUES (328, 'Orna Levi', 'Budget deviation', '2023-04-07');
INSERT INTO Expense (expense_id, amount, status, due_date, description, year, type_id) VALUES (328, 866.4, 'Paid', '2022-08-25', 'Maintenance', 2020, 12);
INSERT INTO Invoice (invoice_id, recipient, amount, issue_date, status, payment_id) VALUES (328, 'Orna Levi', 8746.0, '2022-11-10', 'Unpaid', 160);
INSERT INTO AuditRecord (record_id, findings, revenue_id, expense_id, audit_id) VALUES (328, 'Unusual amount', 34, 328, 328);
INSERT INTO FinancialAudit (audit_id, auditor_name, summary, audit_date) VALUES (329, 'John Smith', 'Submission delay', '2022-12-03');
INSERT INTO Expense (expense_id, amount, status, due_date, description, year, type_id) VALUES (329, 4581.57, 'Paid', '2022-05-12', 'Maintenance', 2015, 13);
INSERT INTO Invoice (invoice_id, recipient, amount, issue_date, status, payment_id) VALUES (329, 'Daniel Green', 9073.6, '2022-09-06', 'Unpaid', 253);
INSERT INTO AuditRecord (record_id, findings, revenue_id, expense_id, audit_id) VALUES (329, 'Submission delay', 115, 329, 329);
INSERT INTO FinancialAudit (audit_id, auditor_name, summary, audit_date) VALUES (330, 'Orna Levi', 'General check', '2021-03-27');
INSERT INTO Expense (expense_id, amount, status, due_date, description, year, type_id) VALUES (330, 4119.86, 'Unpaid', '2021-03-02', 'Travel', 2018, 10);
INSERT INTO Invoice (invoice_id, recipient, amount, issue_date, status, payment_id) VALUES (330, 'Sarah Cohen', 2125.5, '2022-07-26', 'Unpaid', 41);
INSERT INTO AuditRecord (record_id, findings, revenue_id, expense_id, audit_id) VALUES (330, 'Budget deviation', 165, 330, 330);
INSERT INTO FinancialAudit (audit_id, auditor_name, summary, audit_date) VALUES (331, 'Talia Zohar', 'General check', '2021-10-11');
INSERT INTO Expense (expense_id, amount, status, due_date, description, year, type_id) VALUES (331, 2199.88, 'Pending', '2022-01-05', 'Maintenance', 2030, 15);
INSERT INTO Invoice (invoice_id, recipient, amount, issue_date, status, payment_id) VALUES (331, 'John Smith', 3724.79, '2022-05-02', 'Unpaid', 107);
INSERT INTO AuditRecord (record_id, findings, revenue_id, expense_id, audit_id) VALUES (331, 'General check', 330, 331, 331);
INSERT INTO FinancialAudit (audit_id, auditor_name, summary, audit_date) VALUES (332, 'John Smith', 'Missing record', '2023-01-13');
INSERT INTO Expense (expense_id, amount, status, due_date, description, year, type_id) VALUES (332, 4932.12, 'Paid', '2022-09-12', 'Rent', 2015, 3);
INSERT INTO Invoice (invoice_id, recipient, amount, issue_date, status, payment_id) VALUES (332, 'John Smith', 319.1, '2022-12-08', 'Unpaid', 175);
INSERT INTO AuditRecord (record_id, findings, revenue_id, expense_id, audit_id) VALUES (332, 'General check', 38, 332, 332);
INSERT INTO FinancialAudit (audit_id, auditor_name, summary, audit_date) VALUES (333, 'Orna Levi', 'Unusual amount', '2020-02-05');
INSERT INTO Expense (expense_id, amount, status, due_date, description, year, type_id) VALUES (333, 3975.65, 'Paid', '2021-01-05', 'Hardware', 2007, 10);
INSERT INTO Invoice (invoice_id, recipient, amount, issue_date, status, payment_id) VALUES (333, 'Daniel Green', 6473.97, '2021-01-27', 'Paid', 169);
INSERT INTO AuditRecord (record_id, findings, revenue_id, expense_id, audit_id) VALUES (333, 'General check', 389, 333, 333);
INSERT INTO FinancialAudit (audit_id, auditor_name, summary, audit_date) VALUES (334, 'Sarah Cohen', 'Document mismatch', '2020-04-04');
INSERT INTO Expense (expense_id, amount, status, due_date, description, year, type_id) VALUES (334, 1985.47, 'Paid', '2022-09-05', 'Printing', 2000, 5);
INSERT INTO Invoice (invoice_id, recipient, amount, issue_date, status, payment_id) VALUES (334, 'Daniel Green', 7763.08, '2021-12-26', 'Unpaid', 329);
INSERT INTO AuditRecord (record_id, findings, revenue_id, expense_id, audit_id) VALUES (334, 'Unusual amount', 170, 334, 334);
INSERT INTO FinancialAudit (audit_id, auditor_name, summary, audit_date) VALUES (335, 'Daniel Green', 'General check', '2020-06-18');
INSERT INTO Expense (expense_id, amount, status, due_date, description, year, type_id) VALUES (335, 1392.3, 'Unpaid', '2023-04-28', 'Services', 2001, 3);
INSERT INTO Invoice (invoice_id, recipient, amount, issue_date, status, payment_id) VALUES (335, 'Orna Levi', 4400.53, '2022-11-19', 'Unpaid', 247);
INSERT INTO AuditRecord (record_id, findings, revenue_id, expense_id, audit_id) VALUES (335, 'Budget deviation', 117, 335, 335);
INSERT INTO FinancialAudit (audit_id, auditor_name, summary, audit_date) VALUES (336, 'Talia Zohar', 'Submission delay', '2021-08-18');
INSERT INTO Expense (expense_id, amount, status, due_date, description, year, type_id) VALUES (336, 1163.19, 'Paid', '2021-08-24', 'Maintenance', 2021, 9);
INSERT INTO Invoice (invoice_id, recipient, amount, issue_date, status, payment_id) VALUES (336, 'Daniel Green', 7223.47, '2023-08-21', 'Unpaid', 341);
INSERT INTO AuditRecord (record_id, findings, revenue_id, expense_id, audit_id) VALUES (336, 'Document mismatch', 184, 336, 336);
INSERT INTO FinancialAudit (audit_id, auditor_name, summary, audit_date) VALUES (337, 'Orna Levi', 'General check', '2023-09-29');
INSERT INTO Expense (expense_id, amount, status, due_date, description, year, type_id) VALUES (337, 1772.58, 'Pending', '2021-03-03', 'Phone', 2023, 8);
INSERT INTO Invoice (invoice_id, recipient, amount, issue_date, status, payment_id) VALUES (337, 'Avi Cohen', 192.57, '2023-03-19', 'Unpaid', 374);
INSERT INTO AuditRecord (record_id, findings, revenue_id, expense_id, audit_id) VALUES (337, 'General check', 2, 337, 337);
INSERT INTO FinancialAudit (audit_id, auditor_name, summary, audit_date) VALUES (338, 'John Smith', 'Unusual amount', '2020-03-30');
INSERT INTO Expense (expense_id, amount, status, due_date, description, year, type_id) VALUES (338, 3354.33, 'Pending', '2021-07-28', 'Services', 2008, 14);
INSERT INTO Invoice (invoice_id, recipient, amount, issue_date, status, payment_id) VALUES (338, 'John Smith', 6475.99, '2021-03-23', 'Unpaid', 178);
INSERT INTO AuditRecord (record_id, findings, revenue_id, expense_id, audit_id) VALUES (338, 'General check', 332, 338, 338);
INSERT INTO FinancialAudit (audit_id, auditor_name, summary, audit_date) VALUES (339, 'Avi Cohen', 'Unusual amount', '2021-12-09');
INSERT INTO Expense (expense_id, amount, status, due_date, description, year, type_id) VALUES (339, 2185.22, 'Unpaid', '2023-08-29', 'Services', 2014, 2);
INSERT INTO Invoice (invoice_id, recipient, amount, issue_date, status, payment_id) VALUES (339, 'Avi Cohen', 4857.06, '2021-02-16', 'Paid', 382);
INSERT INTO AuditRecord (record_id, findings, revenue_id, expense_id, audit_id) VALUES (339, 'Unusual amount', 168, 339, 339);
INSERT INTO FinancialAudit (audit_id, auditor_name, summary, audit_date) VALUES (340, 'Sarah Cohen', 'Submission delay', '2023-05-15');
INSERT INTO Expense (expense_id, amount, status, due_date, description, year, type_id) VALUES (340, 2450.02, 'Unpaid', '2021-10-26', 'Insurance', 2013, 13);
INSERT INTO Invoice (invoice_id, recipient, amount, issue_date, status, payment_id) VALUES (340, 'Talia Zohar', 9357.42, '2022-01-03', 'Paid', 55);
INSERT INTO AuditRecord (record_id, findings, revenue_id, expense_id, audit_id) VALUES (340, 'Submission delay', 211, 340, 340);
INSERT INTO FinancialAudit (audit_id, auditor_name, summary, audit_date) VALUES (341, 'Sarah Cohen', 'Unusual amount', '2023-07-22');
INSERT INTO Expense (expense_id, amount, status, due_date, description, year, type_id) VALUES (341, 2099.68, 'Pending', '2021-02-22', 'Electricity', 2015, 10);
INSERT INTO Invoice (invoice_id, recipient, amount, issue_date, status, payment_id) VALUES (341, 'Avi Cohen', 7032.03, '2022-10-24', 'Paid', 128);
INSERT INTO AuditRecord (record_id, findings, revenue_id, expense_id, audit_id) VALUES (341, 'General check', 72, 341, 341);
INSERT INTO FinancialAudit (audit_id, auditor_name, summary, audit_date) VALUES (342, 'Talia Zohar', 'Budget deviation', '2020-11-19');
INSERT INTO Expense (expense_id, amount, status, due_date, description, year, type_id) VALUES (342, 3879.74, 'Paid', '2021-12-19', 'Rent', 2000, 4);
INSERT INTO Invoice (invoice_id, recipient, amount, issue_date, status, payment_id) VALUES (342, 'Daniel Green', 180.98, '2021-08-20', 'Unpaid', 329);
INSERT INTO AuditRecord (record_id, findings, revenue_id, expense_id, audit_id) VALUES (342, 'General check', 280, 342, 342);
INSERT INTO FinancialAudit (audit_id, auditor_name, summary, audit_date) VALUES (343, 'John Smith', 'Budget deviation', '2020-03-01');
INSERT INTO Expense (expense_id, amount, status, due_date, description, year, type_id) VALUES (343, 3370.89, 'Pending', '2021-12-16', 'Maintenance', 2004, 3);
INSERT INTO Invoice (invoice_id, recipient, amount, issue_date, status, payment_id) VALUES (343, 'Avi Cohen', 7254.88, '2021-09-30', 'Unpaid', 75);
INSERT INTO AuditRecord (record_id, findings, revenue_id, expense_id, audit_id) VALUES (343, 'Submission delay', 251, 343, 343);
INSERT INTO FinancialAudit (audit_id, auditor_name, summary, audit_date) VALUES (344, 'Avi Cohen', 'Document mismatch', '2020-02-18');
INSERT INTO Expense (expense_id, amount, status, due_date, description, year, type_id) VALUES (344, 978.31, 'Pending', '2023-04-07', 'Hardware', 2024, 14);
INSERT INTO Invoice (invoice_id, recipient, amount, issue_date, status, payment_id) VALUES (344, 'Sarah Cohen', 8953.77, '2023-07-13', 'Paid', 292);
INSERT INTO AuditRecord (record_id, findings, revenue_id, expense_id, audit_id) VALUES (344, 'Unusual amount', 125, 344, 344);
INSERT INTO FinancialAudit (audit_id, auditor_name, summary, audit_date) VALUES (345, 'Orna Levi', 'General check', '2021-12-06');
INSERT INTO Expense (expense_id, amount, status, due_date, description, year, type_id) VALUES (345, 4860.3, 'Pending', '2021-07-14', 'Insurance', 2029, 2);
INSERT INTO Invoice (invoice_id, recipient, amount, issue_date, status, payment_id) VALUES (345, 'Sarah Cohen', 8344.57, '2021-12-12', 'Unpaid', 39);
INSERT INTO AuditRecord (record_id, findings, revenue_id, expense_id, audit_id) VALUES (345, 'Missing record', 349, 345, 345);
INSERT INTO FinancialAudit (audit_id, auditor_name, summary, audit_date) VALUES (346, 'Orna Levi', 'Submission delay', '2021-03-29');
INSERT INTO Expense (expense_id, amount, status, due_date, description, year, type_id) VALUES (346, 3665.75, 'Unpaid', '2023-01-20', 'Water', 2027, 12);
INSERT INTO Invoice (invoice_id, recipient, amount, issue_date, status, payment_id) VALUES (346, 'John Smith', 2400.96, '2023-07-07', 'Unpaid', 351);
INSERT INTO AuditRecord (record_id, findings, revenue_id, expense_id, audit_id) VALUES (346, 'General check', 167, 346, 346);
INSERT INTO FinancialAudit (audit_id, auditor_name, summary, audit_date) VALUES (347, 'Orna Levi', 'General check', '2022-12-17');
INSERT INTO Expense (expense_id, amount, status, due_date, description, year, type_id) VALUES (347, 1946.11, 'Pending', '2022-10-30', 'Hardware', 2021, 14);
INSERT INTO Invoice (invoice_id, recipient, amount, issue_date, status, payment_id) VALUES (347, 'Avi Cohen', 1889.36, '2021-09-29', 'Unpaid', 322);
INSERT INTO AuditRecord (record_id, findings, revenue_id, expense_id, audit_id) VALUES (347, 'Budget deviation', 179, 347, 347);
INSERT INTO FinancialAudit (audit_id, auditor_name, summary, audit_date) VALUES (348, 'John Smith', 'Budget deviation', '2020-04-25');
INSERT INTO Expense (expense_id, amount, status, due_date, description, year, type_id) VALUES (348, 2732.56, 'Unpaid', '2021-09-16', 'Equipment', 2027, 10);
INSERT INTO Invoice (invoice_id, recipient, amount, issue_date, status, payment_id) VALUES (348, 'Talia Zohar', 4035.38, '2021-10-23', 'Paid', 41);
INSERT INTO AuditRecord (record_id, findings, revenue_id, expense_id, audit_id) VALUES (348, 'General check', 161, 348, 348);
INSERT INTO FinancialAudit (audit_id, auditor_name, summary, audit_date) VALUES (349, 'Avi Cohen', 'Submission delay', '2023-11-09');
INSERT INTO Expense (expense_id, amount, status, due_date, description, year, type_id) VALUES (349, 4232.55, 'Unpaid', '2022-01-06', 'Water', 2016, 11);
INSERT INTO Invoice (invoice_id, recipient, amount, issue_date, status, payment_id) VALUES (349, 'Avi Cohen', 5700.16, '2022-11-06', 'Paid', 49);
INSERT INTO AuditRecord (record_id, findings, revenue_id, expense_id, audit_id) VALUES (349, 'Missing record', 331, 349, 349);
INSERT INTO FinancialAudit (audit_id, auditor_name, summary, audit_date) VALUES (350, 'Daniel Green', 'Unusual amount', '2022-05-22');
INSERT INTO Expense (expense_id, amount, status, due_date, description, year, type_id) VALUES (350, 2090.29, 'Unpaid', '2021-06-27', 'Water', 2013, 9);
INSERT INTO Invoice (invoice_id, recipient, amount, issue_date, status, payment_id) VALUES (350, 'Sarah Cohen', 1798.59, '2021-12-12', 'Unpaid', 342);
INSERT INTO AuditRecord (record_id, findings, revenue_id, expense_id, audit_id) VALUES (350, 'Missing record', 363, 350, 350);
INSERT INTO FinancialAudit (audit_id, auditor_name, summary, audit_date) VALUES (351, 'Talia Zohar', 'Budget deviation', '2020-01-22');
INSERT INTO Expense (expense_id, amount, status, due_date, description, year, type_id) VALUES (351, 904.48, 'Paid', '2021-07-25', 'Software', 2027, 15);
INSERT INTO Invoice (invoice_id, recipient, amount, issue_date, status, payment_id) VALUES (351, 'Daniel Green', 3610.67, '2021-12-08', 'Paid', 217);
INSERT INTO AuditRecord (record_id, findings, revenue_id, expense_id, audit_id) VALUES (351, 'Budget deviation', 104, 351, 351);
INSERT INTO FinancialAudit (audit_id, auditor_name, summary, audit_date) VALUES (352, 'Sarah Cohen', 'Missing record', '2022-08-05');
INSERT INTO Expense (expense_id, amount, status, due_date, description, year, type_id) VALUES (352, 1357.61, 'Pending', '2023-08-01', 'Water', 2015, 4);
INSERT INTO Invoice (invoice_id, recipient, amount, issue_date, status, payment_id) VALUES (352, 'Daniel Green', 6956.03, '2022-11-06', 'Paid', 293);
INSERT INTO AuditRecord (record_id, findings, revenue_id, expense_id, audit_id) VALUES (352, 'Missing record', 376, 352, 352);
INSERT INTO FinancialAudit (audit_id, auditor_name, summary, audit_date) VALUES (353, 'Avi Cohen', 'Unusual amount', '2023-07-29');
INSERT INTO Expense (expense_id, amount, status, due_date, description, year, type_id) VALUES (353, 2466.52, 'Unpaid', '2022-11-11', 'Water', 2022, 4);
INSERT INTO Invoice (invoice_id, recipient, amount, issue_date, status, payment_id) VALUES (353, 'Sarah Cohen', 6154.25, '2022-08-04', 'Unpaid', 326);
INSERT INTO AuditRecord (record_id, findings, revenue_id, expense_id, audit_id) VALUES (353, 'Unusual amount', 168, 353, 353);
INSERT INTO FinancialAudit (audit_id, auditor_name, summary, audit_date) VALUES (354, 'Sarah Cohen', 'Missing record', '2021-12-25');
INSERT INTO Expense (expense_id, amount, status, due_date, description, year, type_id) VALUES (354, 3087.86, 'Pending', '2023-05-25', 'Printing', 2012, 6);
INSERT INTO Invoice (invoice_id, recipient, amount, issue_date, status, payment_id) VALUES (354, 'Avi Cohen', 2270.71, '2022-04-14', 'Paid', 187);
INSERT INTO AuditRecord (record_id, findings, revenue_id, expense_id, audit_id) VALUES (354, 'Budget deviation', 312, 354, 354);
INSERT INTO FinancialAudit (audit_id, auditor_name, summary, audit_date) VALUES (355, 'Daniel Green', 'Document mismatch', '2020-01-31');
INSERT INTO Expense (expense_id, amount, status, due_date, description, year, type_id) VALUES (355, 4049.2, 'Pending', '2021-06-20', 'Travel', 2023, 12);
INSERT INTO Invoice (invoice_id, recipient, amount, issue_date, status, payment_id) VALUES (355, 'Orna Levi', 3012.66, '2022-06-07', 'Unpaid', 390);
INSERT INTO AuditRecord (record_id, findings, revenue_id, expense_id, audit_id) VALUES (355, 'Budget deviation', 173, 355, 355);
INSERT INTO FinancialAudit (audit_id, auditor_name, summary, audit_date) VALUES (356, 'Sarah Cohen', 'Unusual amount', '2021-11-27');
INSERT INTO Expense (expense_id, amount, status, due_date, description, year, type_id) VALUES (356, 3524.54, 'Pending', '2023-06-25', 'Services', 2005, 10);
INSERT INTO Invoice (invoice_id, recipient, amount, issue_date, status, payment_id) VALUES (356, 'Talia Zohar', 818.93, '2022-12-28', 'Paid', 39);
INSERT INTO AuditRecord (record_id, findings, revenue_id, expense_id, audit_id) VALUES (356, 'Document mismatch', 68, 356, 356);
INSERT INTO FinancialAudit (audit_id, auditor_name, summary, audit_date) VALUES (357, 'John Smith', 'Unusual amount', '2023-06-07');
INSERT INTO Expense (expense_id, amount, status, due_date, description, year, type_id) VALUES (357, 4454.92, 'Unpaid', '2023-03-17', 'Software', 2024, 7);
INSERT INTO Invoice (invoice_id, recipient, amount, issue_date, status, payment_id) VALUES (357, 'Talia Zohar', 8031.58, '2023-02-16', 'Unpaid', 153);
INSERT INTO AuditRecord (record_id, findings, revenue_id, expense_id, audit_id) VALUES (357, 'Missing record', 271, 357, 357);
INSERT INTO FinancialAudit (audit_id, auditor_name, summary, audit_date) VALUES (358, 'Daniel Green', 'Document mismatch', '2021-02-06');
INSERT INTO Expense (expense_id, amount, status, due_date, description, year, type_id) VALUES (358, 3281.0, 'Paid', '2021-10-04', 'Phone', 2023, 15);
INSERT INTO Invoice (invoice_id, recipient, amount, issue_date, status, payment_id) VALUES (358, 'John Smith', 7962.73, '2022-02-03', 'Unpaid', 283);
INSERT INTO AuditRecord (record_id, findings, revenue_id, expense_id, audit_id) VALUES (358, 'Budget deviation', 32, 358, 358);
INSERT INTO FinancialAudit (audit_id, auditor_name, summary, audit_date) VALUES (359, 'Daniel Green', 'General check', '2021-11-06');
INSERT INTO Expense (expense_id, amount, status, due_date, description, year, type_id) VALUES (359, 1689.43, 'Paid', '2022-08-20', 'Services', 2021, 8);
INSERT INTO Invoice (invoice_id, recipient, amount, issue_date, status, payment_id) VALUES (359, 'Orna Levi', 6308.12, '2023-07-14', 'Unpaid', 171);
INSERT INTO AuditRecord (record_id, findings, revenue_id, expense_id, audit_id) VALUES (359, 'Unusual amount', 164, 359, 359);
INSERT INTO FinancialAudit (audit_id, auditor_name, summary, audit_date) VALUES (360, 'Avi Cohen', 'Budget deviation', '2021-12-26');
INSERT INTO Expense (expense_id, amount, status, due_date, description, year, type_id) VALUES (360, 2686.64, 'Unpaid', '2021-12-11', 'Printing', 2029, 12);
INSERT INTO Invoice (invoice_id, recipient, amount, issue_date, status, payment_id) VALUES (360, 'Daniel Green', 7804.97, '2021-09-24', 'Unpaid', 334);
INSERT INTO AuditRecord (record_id, findings, revenue_id, expense_id, audit_id) VALUES (360, 'Missing record', 128, 360, 360);
INSERT INTO FinancialAudit (audit_id, auditor_name, summary, audit_date) VALUES (361, 'Avi Cohen', 'Missing record', '2020-01-21');
INSERT INTO Expense (expense_id, amount, status, due_date, description, year, type_id) VALUES (361, 4833.47, 'Paid', '2021-03-18', 'Maintenance', 2012, 2);
INSERT INTO Invoice (invoice_id, recipient, amount, issue_date, status, payment_id) VALUES (361, 'Sarah Cohen', 6577.45, '2021-10-12', 'Unpaid', 280);
INSERT INTO AuditRecord (record_id, findings, revenue_id, expense_id, audit_id) VALUES (361, 'Submission delay', 78, 361, 361);
INSERT INTO FinancialAudit (audit_id, auditor_name, summary, audit_date) VALUES (362, 'Sarah Cohen', 'Budget deviation', '2023-08-27');
INSERT INTO Expense (expense_id, amount, status, due_date, description, year, type_id) VALUES (362, 1122.18, 'Pending', '2021-01-16', 'Maintenance', 2014, 14);
INSERT INTO Invoice (invoice_id, recipient, amount, issue_date, status, payment_id) VALUES (362, 'Avi Cohen', 4733.65, '2022-11-22', 'Unpaid', 369);
INSERT INTO AuditRecord (record_id, findings, revenue_id, expense_id, audit_id) VALUES (362, 'Unusual amount', 195, 362, 362);
INSERT INTO FinancialAudit (audit_id, auditor_name, summary, audit_date) VALUES (363, 'Sarah Cohen', 'Budget deviation', '2023-02-26');
INSERT INTO Expense (expense_id, amount, status, due_date, description, year, type_id) VALUES (363, 1974.65, 'Pending', '2023-03-13', 'Services', 2029, 12);
INSERT INTO Invoice (invoice_id, recipient, amount, issue_date, status, payment_id) VALUES (363, 'Orna Levi', 3029.77, '2021-03-04', 'Unpaid', 232);
INSERT INTO AuditRecord (record_id, findings, revenue_id, expense_id, audit_id) VALUES (363, 'Missing record', 268, 363, 363);
INSERT INTO FinancialAudit (audit_id, auditor_name, summary, audit_date) VALUES (364, 'Talia Zohar', 'Missing record', '2020-04-04');
INSERT INTO Expense (expense_id, amount, status, due_date, description, year, type_id) VALUES (364, 1865.86, 'Unpaid', '2021-08-17', 'Maintenance', 2019, 5);
INSERT INTO Invoice (invoice_id, recipient, amount, issue_date, status, payment_id) VALUES (364, 'Orna Levi', 8270.53, '2021-09-07', 'Paid', 65);
INSERT INTO AuditRecord (record_id, findings, revenue_id, expense_id, audit_id) VALUES (364, 'Document mismatch', 35, 364, 364);
INSERT INTO FinancialAudit (audit_id, auditor_name, summary, audit_date) VALUES (365, 'John Smith', 'Unusual amount', '2021-12-05');
INSERT INTO Expense (expense_id, amount, status, due_date, description, year, type_id) VALUES (365, 4710.67, 'Paid', '2022-10-01', 'Maintenance', 2022, 5);
INSERT INTO Invoice (invoice_id, recipient, amount, issue_date, status, payment_id) VALUES (365, 'Daniel Green', 9707.17, '2021-03-20', 'Paid', 376);
INSERT INTO AuditRecord (record_id, findings, revenue_id, expense_id, audit_id) VALUES (365, 'Missing record', 320, 365, 365);
INSERT INTO FinancialAudit (audit_id, auditor_name, summary, audit_date) VALUES (366, 'Sarah Cohen', 'Budget deviation', '2021-12-03');
INSERT INTO Expense (expense_id, amount, status, due_date, description, year, type_id) VALUES (366, 2381.5, 'Unpaid', '2023-01-08', 'Water', 2027, 11);
INSERT INTO Invoice (invoice_id, recipient, amount, issue_date, status, payment_id) VALUES (366, 'Sarah Cohen', 4480.29, '2021-01-13', 'Unpaid', 46);
INSERT INTO AuditRecord (record_id, findings, revenue_id, expense_id, audit_id) VALUES (366, 'Document mismatch', 347, 366, 366);
INSERT INTO FinancialAudit (audit_id, auditor_name, summary, audit_date) VALUES (367, 'Orna Levi', 'Submission delay', '2021-08-30');
INSERT INTO Expense (expense_id, amount, status, due_date, description, year, type_id) VALUES (367, 167.59, 'Pending', '2022-10-01', 'Electricity', 2010, 14);
INSERT INTO Invoice (invoice_id, recipient, amount, issue_date, status, payment_id) VALUES (367, 'Orna Levi', 8498.84, '2021-02-15', 'Paid', 67);
INSERT INTO AuditRecord (record_id, findings, revenue_id, expense_id, audit_id) VALUES (367, 'Document mismatch', 119, 367, 367);
INSERT INTO FinancialAudit (audit_id, auditor_name, summary, audit_date) VALUES (368, 'Sarah Cohen', 'General check', '2023-05-01');
INSERT INTO Expense (expense_id, amount, status, due_date, description, year, type_id) VALUES (368, 4486.61, 'Unpaid', '2021-01-16', 'Hardware', 2009, 15);
INSERT INTO Invoice (invoice_id, recipient, amount, issue_date, status, payment_id) VALUES (368, 'Orna Levi', 7112.71, '2021-04-26', 'Unpaid', 339);
INSERT INTO AuditRecord (record_id, findings, revenue_id, expense_id, audit_id) VALUES (368, 'Missing record', 396, 368, 368);
INSERT INTO FinancialAudit (audit_id, auditor_name, summary, audit_date) VALUES (369, 'Talia Zohar', 'Submission delay', '2023-12-17');
INSERT INTO Expense (expense_id, amount, status, due_date, description, year, type_id) VALUES (369, 950.42, 'Paid', '2021-04-25', 'Equipment', 2021, 11);
INSERT INTO Invoice (invoice_id, recipient, amount, issue_date, status, payment_id) VALUES (369, 'John Smith', 4596.93, '2022-03-24', 'Paid', 277);
INSERT INTO AuditRecord (record_id, findings, revenue_id, expense_id, audit_id) VALUES (369, 'Missing record', 226, 369, 369);
INSERT INTO FinancialAudit (audit_id, auditor_name, summary, audit_date) VALUES (370, 'Talia Zohar', 'Unusual amount', '2021-02-10');
INSERT INTO Expense (expense_id, amount, status, due_date, description, year, type_id) VALUES (370, 1592.79, 'Pending', '2022-01-27', 'Printing', 2019, 3);
INSERT INTO Invoice (invoice_id, recipient, amount, issue_date, status, payment_id) VALUES (370, 'Talia Zohar', 434.12, '2023-07-04', 'Paid', 150);
INSERT INTO AuditRecord (record_id, findings, revenue_id, expense_id, audit_id) VALUES (370, 'Unusual amount', 110, 370, 370);
INSERT INTO FinancialAudit (audit_id, auditor_name, summary, audit_date) VALUES (371, 'John Smith', 'Budget deviation', '2021-07-02');
INSERT INTO Expense (expense_id, amount, status, due_date, description, year, type_id) VALUES (371, 831.68, 'Pending', '2021-09-25', 'Fuel', 2019, 4);
INSERT INTO Invoice (invoice_id, recipient, amount, issue_date, status, payment_id) VALUES (371, 'Talia Zohar', 6349.2, '2021-12-16', 'Unpaid', 130);
INSERT INTO AuditRecord (record_id, findings, revenue_id, expense_id, audit_id) VALUES (371, 'Submission delay', 152, 371, 371);
INSERT INTO FinancialAudit (audit_id, auditor_name, summary, audit_date) VALUES (372, 'Talia Zohar', 'Missing record', '2021-09-30');
INSERT INTO Expense (expense_id, amount, status, due_date, description, year, type_id) VALUES (372, 4486.8, 'Pending', '2022-12-26', 'Maintenance', 2025, 11);
INSERT INTO Invoice (invoice_id, recipient, amount, issue_date, status, payment_id) VALUES (372, 'Talia Zohar', 3257.7, '2021-08-14', 'Unpaid', 166);
INSERT INTO AuditRecord (record_id, findings, revenue_id, expense_id, audit_id) VALUES (372, 'General check', 262, 372, 372);
INSERT INTO FinancialAudit (audit_id, auditor_name, summary, audit_date) VALUES (373, 'John Smith', 'Document mismatch', '2021-11-25');
INSERT INTO Expense (expense_id, amount, status, due_date, description, year, type_id) VALUES (373, 3838.36, 'Unpaid', '2022-07-10', 'Travel', 2000, 13);
INSERT INTO Invoice (invoice_id, recipient, amount, issue_date, status, payment_id) VALUES (373, 'Orna Levi', 3683.0, '2021-11-15', 'Paid', 387);
INSERT INTO AuditRecord (record_id, findings, revenue_id, expense_id, audit_id) VALUES (373, 'Document mismatch', 358, 373, 373);
INSERT INTO FinancialAudit (audit_id, auditor_name, summary, audit_date) VALUES (374, 'Talia Zohar', 'Unusual amount', '2020-03-11');
INSERT INTO Expense (expense_id, amount, status, due_date, description, year, type_id) VALUES (374, 4013.08, 'Pending', '2023-06-08', 'Software', 2025, 4);
INSERT INTO Invoice (invoice_id, recipient, amount, issue_date, status, payment_id) VALUES (374, 'Avi Cohen', 8459.97, '2021-02-16', 'Paid', 116);
INSERT INTO AuditRecord (record_id, findings, revenue_id, expense_id, audit_id) VALUES (374, 'Submission delay', 380, 374, 374);
INSERT INTO FinancialAudit (audit_id, auditor_name, summary, audit_date) VALUES (375, 'John Smith', 'General check', '2022-12-04');
INSERT INTO Expense (expense_id, amount, status, due_date, description, year, type_id) VALUES (375, 1455.72, 'Pending', '2022-03-22', 'Electricity', 2027, 8);
INSERT INTO Invoice (invoice_id, recipient, amount, issue_date, status, payment_id) VALUES (375, 'Talia Zohar', 7310.58, '2022-07-27', 'Unpaid', 81);
INSERT INTO AuditRecord (record_id, findings, revenue_id, expense_id, audit_id) VALUES (375, 'Budget deviation', 220, 375, 375);
INSERT INTO FinancialAudit (audit_id, auditor_name, summary, audit_date) VALUES (376, 'Sarah Cohen', 'Missing record', '2020-09-07');
INSERT INTO Expense (expense_id, amount, status, due_date, description, year, type_id) VALUES (376, 4994.08, 'Unpaid', '2021-02-20', 'Phone', 2024, 3);
INSERT INTO Invoice (invoice_id, recipient, amount, issue_date, status, payment_id) VALUES (376, 'Talia Zohar', 970.43, '2023-04-19', 'Paid', 278);
INSERT INTO AuditRecord (record_id, findings, revenue_id, expense_id, audit_id) VALUES (376, 'Missing record', 313, 376, 376);
INSERT INTO FinancialAudit (audit_id, auditor_name, summary, audit_date) VALUES (377, 'Daniel Green', 'Submission delay', '2024-01-14');
INSERT INTO Expense (expense_id, amount, status, due_date, description, year, type_id) VALUES (377, 1205.57, 'Unpaid', '2023-08-31', 'Maintenance', 2000, 13);
INSERT INTO Invoice (invoice_id, recipient, amount, issue_date, status, payment_id) VALUES (377, 'John Smith', 9518.76, '2021-10-06', 'Paid', 249);
INSERT INTO AuditRecord (record_id, findings, revenue_id, expense_id, audit_id) VALUES (377, 'Document mismatch', 150, 377, 377);
INSERT INTO FinancialAudit (audit_id, auditor_name, summary, audit_date) VALUES (378, 'Talia Zohar', 'Missing record', '2022-03-21');
INSERT INTO Expense (expense_id, amount, status, due_date, description, year, type_id) VALUES (378, 2884.63, 'Paid', '2021-04-12', 'Travel', 2005, 3);
INSERT INTO Invoice (invoice_id, recipient, amount, issue_date, status, payment_id) VALUES (378, 'Sarah Cohen', 4388.17, '2023-07-11', 'Unpaid', 97);
INSERT INTO AuditRecord (record_id, findings, revenue_id, expense_id, audit_id) VALUES (378, 'Missing record', 244, 378, 378);
INSERT INTO FinancialAudit (audit_id, auditor_name, summary, audit_date) VALUES (379, 'Daniel Green', 'Document mismatch', '2021-09-19');
INSERT INTO Expense (expense_id, amount, status, due_date, description, year, type_id) VALUES (379, 2834.2, 'Unpaid', '2023-04-15', 'Salary', 2016, 6);
INSERT INTO Invoice (invoice_id, recipient, amount, issue_date, status, payment_id) VALUES (379, 'Sarah Cohen', 1764.52, '2023-01-01', 'Unpaid', 134);
INSERT INTO AuditRecord (record_id, findings, revenue_id, expense_id, audit_id) VALUES (379, 'Budget deviation', 351, 379, 379);
INSERT INTO FinancialAudit (audit_id, auditor_name, summary, audit_date) VALUES (380, 'John Smith', 'General check', '2023-05-10');
INSERT INTO Expense (expense_id, amount, status, due_date, description, year, type_id) VALUES (380, 454.95, 'Paid', '2021-11-02', 'Water', 2026, 15);
INSERT INTO Invoice (invoice_id, recipient, amount, issue_date, status, payment_id) VALUES (380, 'Talia Zohar', 6973.68, '2023-03-06', 'Unpaid', 137);
INSERT INTO AuditRecord (record_id, findings, revenue_id, expense_id, audit_id) VALUES (380, 'Unusual amount', 194, 380, 380);
INSERT INTO FinancialAudit (audit_id, auditor_name, summary, audit_date) VALUES (381, 'Daniel Green', 'Unusual amount', '2024-01-31');
INSERT INTO Expense (expense_id, amount, status, due_date, description, year, type_id) VALUES (381, 3384.0, 'Pending', '2023-04-16', 'Hardware', 2030, 1);
INSERT INTO Invoice (invoice_id, recipient, amount, issue_date, status, payment_id) VALUES (381, 'Daniel Green', 4311.98, '2023-01-12', 'Paid', 276);
INSERT INTO AuditRecord (record_id, findings, revenue_id, expense_id, audit_id) VALUES (381, 'Submission delay', 227, 381, 381);
INSERT INTO FinancialAudit (audit_id, auditor_name, summary, audit_date) VALUES (382, 'Daniel Green', 'Budget deviation', '2022-12-06');
INSERT INTO Expense (expense_id, amount, status, due_date, description, year, type_id) VALUES (382, 2269.84, 'Pending', '2022-06-01', 'Repair', 2006, 2);
INSERT INTO Invoice (invoice_id, recipient, amount, issue_date, status, payment_id) VALUES (382, 'Talia Zohar', 6147.15, '2021-05-22', 'Unpaid', 208);
INSERT INTO AuditRecord (record_id, findings, revenue_id, expense_id, audit_id) VALUES (382, 'General check', 49, 382, 382);
INSERT INTO FinancialAudit (audit_id, auditor_name, summary, audit_date) VALUES (383, 'Orna Levi', 'General check', '2022-08-18');
INSERT INTO Expense (expense_id, amount, status, due_date, description, year, type_id) VALUES (383, 4717.84, 'Paid', '2022-08-25', 'Services', 2019, 13);
INSERT INTO Invoice (invoice_id, recipient, amount, issue_date, status, payment_id) VALUES (383, 'Talia Zohar', 1228.61, '2022-06-18', 'Unpaid', 284);
INSERT INTO AuditRecord (record_id, findings, revenue_id, expense_id, audit_id) VALUES (383, 'Missing record', 112, 383, 383);
INSERT INTO FinancialAudit (audit_id, auditor_name, summary, audit_date) VALUES (384, 'John Smith', 'Submission delay', '2023-03-24');
INSERT INTO Expense (expense_id, amount, status, due_date, description, year, type_id) VALUES (384, 3351.03, 'Unpaid', '2021-09-10', 'Services', 2022, 9);
INSERT INTO Invoice (invoice_id, recipient, amount, issue_date, status, payment_id) VALUES (384, 'Daniel Green', 307.6, '2023-03-18', 'Paid', 330);
INSERT INTO AuditRecord (record_id, findings, revenue_id, expense_id, audit_id) VALUES (384, 'Document mismatch', 23, 384, 384);
INSERT INTO FinancialAudit (audit_id, auditor_name, summary, audit_date) VALUES (385, 'Talia Zohar', 'Document mismatch', '2022-10-21');
INSERT INTO Expense (expense_id, amount, status, due_date, description, year, type_id) VALUES (385, 3013.6, 'Paid', '2022-12-25', 'Fuel', 2021, 14);
INSERT INTO Invoice (invoice_id, recipient, amount, issue_date, status, payment_id) VALUES (385, 'Sarah Cohen', 2907.54, '2023-06-30', 'Unpaid', 173);
INSERT INTO AuditRecord (record_id, findings, revenue_id, expense_id, audit_id) VALUES (385, 'Submission delay', 203, 385, 385);
INSERT INTO FinancialAudit (audit_id, auditor_name, summary, audit_date) VALUES (386, 'John Smith', 'Document mismatch', '2022-08-02');
INSERT INTO Expense (expense_id, amount, status, due_date, description, year, type_id) VALUES (386, 3647.02, 'Paid', '2021-08-20', 'Fuel', 2007, 4);
INSERT INTO Invoice (invoice_id, recipient, amount, issue_date, status, payment_id) VALUES (386, 'Avi Cohen', 9244.45, '2022-10-03', 'Paid', 293);
INSERT INTO AuditRecord (record_id, findings, revenue_id, expense_id, audit_id) VALUES (386, 'Unusual amount', 227, 386, 386);
INSERT INTO FinancialAudit (audit_id, auditor_name, summary, audit_date) VALUES (387, 'Daniel Green', 'General check', '2022-05-13');
INSERT INTO Expense (expense_id, amount, status, due_date, description, year, type_id) VALUES (387, 3554.58, 'Paid', '2022-08-11', 'Water', 2005, 4);
INSERT INTO Invoice (invoice_id, recipient, amount, issue_date, status, payment_id) VALUES (387, 'Sarah Cohen', 2419.53, '2021-03-19', 'Unpaid', 284);
INSERT INTO AuditRecord (record_id, findings, revenue_id, expense_id, audit_id) VALUES (387, 'Submission delay', 196, 387, 387);
INSERT INTO FinancialAudit (audit_id, auditor_name, summary, audit_date) VALUES (388, 'Daniel Green', 'Missing record', '2022-07-25');
INSERT INTO Expense (expense_id, amount, status, due_date, description, year, type_id) VALUES (388, 319.2, 'Paid', '2023-07-27', 'Maintenance', 2011, 15);
INSERT INTO Invoice (invoice_id, recipient, amount, issue_date, status, payment_id) VALUES (388, 'John Smith', 8368.97, '2022-08-06', 'Paid', 8);
INSERT INTO AuditRecord (record_id, findings, revenue_id, expense_id, audit_id) VALUES (388, 'Submission delay', 253, 388, 388);
INSERT INTO FinancialAudit (audit_id, auditor_name, summary, audit_date) VALUES (389, 'Daniel Green', 'Submission delay', '2023-03-01');
INSERT INTO Expense (expense_id, amount, status, due_date, description, year, type_id) VALUES (389, 1374.9, 'Unpaid', '2023-04-23', 'Services', 2028, 15);
INSERT INTO Invoice (invoice_id, recipient, amount, issue_date, status, payment_id) VALUES (389, 'Avi Cohen', 2098.13, '2022-11-03', 'Paid', 394);
INSERT INTO AuditRecord (record_id, findings, revenue_id, expense_id, audit_id) VALUES (389, 'Document mismatch', 127, 389, 389);
INSERT INTO FinancialAudit (audit_id, auditor_name, summary, audit_date) VALUES (390, 'Sarah Cohen', 'General check', '2022-06-29');
INSERT INTO Expense (expense_id, amount, status, due_date, description, year, type_id) VALUES (390, 992.32, 'Unpaid', '2021-03-07', 'Salary', 2025, 12);
INSERT INTO Invoice (invoice_id, recipient, amount, issue_date, status, payment_id) VALUES (390, 'Talia Zohar', 1722.62, '2023-09-11', 'Paid', 32);
INSERT INTO AuditRecord (record_id, findings, revenue_id, expense_id, audit_id) VALUES (390, 'Document mismatch', 91, 390, 390);
INSERT INTO FinancialAudit (audit_id, auditor_name, summary, audit_date) VALUES (391, 'Sarah Cohen', 'Unusual amount', '2021-11-14');
INSERT INTO Expense (expense_id, amount, status, due_date, description, year, type_id) VALUES (391, 366.09, 'Pending', '2023-03-12', 'Services', 2005, 8);
INSERT INTO Invoice (invoice_id, recipient, amount, issue_date, status, payment_id) VALUES (391, 'Avi Cohen', 4110.82, '2023-05-06', 'Paid', 396);
INSERT INTO AuditRecord (record_id, findings, revenue_id, expense_id, audit_id) VALUES (391, 'Document mismatch', 51, 391, 391);
INSERT INTO FinancialAudit (audit_id, auditor_name, summary, audit_date) VALUES (392, 'Orna Levi', 'Budget deviation', '2021-06-24');
INSERT INTO Expense (expense_id, amount, status, due_date, description, year, type_id) VALUES (392, 882.66, 'Unpaid', '2021-09-06', 'Phone', 2024, 9);
INSERT INTO Invoice (invoice_id, recipient, amount, issue_date, status, payment_id) VALUES (392, 'Talia Zohar', 2383.37, '2021-10-25', 'Paid', 377);
INSERT INTO AuditRecord (record_id, findings, revenue_id, expense_id, audit_id) VALUES (392, 'General check', 198, 392, 392);
INSERT INTO FinancialAudit (audit_id, auditor_name, summary, audit_date) VALUES (393, 'Talia Zohar', 'Document mismatch', '2020-02-09');
INSERT INTO Expense (expense_id, amount, status, due_date, description, year, type_id) VALUES (393, 4993.42, 'Paid', '2022-05-10', 'Hardware', 2015, 6);
INSERT INTO Invoice (invoice_id, recipient, amount, issue_date, status, payment_id) VALUES (393, 'Daniel Green', 3313.43, '2023-05-04', 'Paid', 125);
INSERT INTO AuditRecord (record_id, findings, revenue_id, expense_id, audit_id) VALUES (393, 'Submission delay', 208, 393, 393);
INSERT INTO FinancialAudit (audit_id, auditor_name, summary, audit_date) VALUES (394, 'Daniel Green', 'Missing record', '2021-11-10');
INSERT INTO Expense (expense_id, amount, status, due_date, description, year, type_id) VALUES (394, 1253.59, 'Unpaid', '2021-11-04', 'Repair', 2013, 15);
INSERT INTO Invoice (invoice_id, recipient, amount, issue_date, status, payment_id) VALUES (394, 'Sarah Cohen', 3785.7, '2022-04-06', 'Paid', 41);
INSERT INTO AuditRecord (record_id, findings, revenue_id, expense_id, audit_id) VALUES (394, 'Unusual amount', 211, 394, 394);
INSERT INTO FinancialAudit (audit_id, auditor_name, summary, audit_date) VALUES (395, 'Talia Zohar', 'Document mismatch', '2022-11-11');
INSERT INTO Expense (expense_id, amount, status, due_date, description, year, type_id) VALUES (395, 2444.11, 'Unpaid', '2022-01-28', 'Repair', 2029, 1);
INSERT INTO Invoice (invoice_id, recipient, amount, issue_date, status, payment_id) VALUES (395, 'Daniel Green', 773.44, '2021-05-29', 'Paid', 132);
INSERT INTO AuditRecord (record_id, findings, revenue_id, expense_id, audit_id) VALUES (395, 'Unusual amount', 142, 395, 395);
INSERT INTO FinancialAudit (audit_id, auditor_name, summary, audit_date) VALUES (396, 'John Smith', 'Missing record', '2022-06-23');
INSERT INTO Expense (expense_id, amount, status, due_date, description, year, type_id) VALUES (396, 320.54, 'Unpaid', '2021-06-02', 'Services', 2005, 10);
INSERT INTO Invoice (invoice_id, recipient, amount, issue_date, status, payment_id) VALUES (396, 'Avi Cohen', 5746.74, '2022-02-05', 'Paid', 193);
INSERT INTO AuditRecord (record_id, findings, revenue_id, expense_id, audit_id) VALUES (396, 'Submission delay', 70, 396, 396);
INSERT INTO FinancialAudit (audit_id, auditor_name, summary, audit_date) VALUES (397, 'Avi Cohen', 'Document mismatch', '2023-12-19');
INSERT INTO Expense (expense_id, amount, status, due_date, description, year, type_id) VALUES (397, 3874.54, 'Paid', '2021-10-11', 'Software', 2012, 11);
INSERT INTO Invoice (invoice_id, recipient, amount, issue_date, status, payment_id) VALUES (397, 'Daniel Green', 8135.54, '2023-04-13', 'Unpaid', 12);
INSERT INTO AuditRecord (record_id, findings, revenue_id, expense_id, audit_id) VALUES (397, 'Missing record', 245, 397, 397);
INSERT INTO FinancialAudit (audit_id, auditor_name, summary, audit_date) VALUES (398, 'John Smith', 'Submission delay', '2020-05-21');
INSERT INTO Expense (expense_id, amount, status, due_date, description, year, type_id) VALUES (398, 684.61, 'Paid', '2023-04-23', 'Hardware', 2001, 9);
INSERT INTO Invoice (invoice_id, recipient, amount, issue_date, status, payment_id) VALUES (398, 'Sarah Cohen', 3277.1, '2023-07-14', 'Unpaid', 316);
INSERT INTO AuditRecord (record_id, findings, revenue_id, expense_id, audit_id) VALUES (398, 'Submission delay', 80, 398, 398);
INSERT INTO FinancialAudit (audit_id, auditor_name, summary, audit_date) VALUES (399, 'Orna Levi', 'General check', '2024-01-26');
INSERT INTO Expense (expense_id, amount, status, due_date, description, year, type_id) VALUES (399, 1025.11, 'Pending', '2022-09-02', 'Printing', 2002, 10);
INSERT INTO Invoice (invoice_id, recipient, amount, issue_date, status, payment_id) VALUES (399, 'Avi Cohen', 3749.38, '2022-12-19', 'Paid', 258);
INSERT INTO AuditRecord (record_id, findings, revenue_id, expense_id, audit_id) VALUES (399, 'Budget deviation', 2, 399, 399);
INSERT INTO FinancialAudit (audit_id, auditor_name, summary, audit_date) VALUES (400, 'Daniel Green', 'Missing record', '2020-02-13');
INSERT INTO Expense (expense_id, amount, status, due_date, description, year, type_id) VALUES (400, 2717.76, 'Unpaid', '2021-08-06', 'Water', 2021, 12);
INSERT INTO Invoice (invoice_id, recipient, amount, issue_date, status, payment_id) VALUES (400, 'Talia Zohar', 7090.8, '2021-01-20', 'Unpaid', 215);
INSERT INTO AuditRecord (record_id, findings, revenue_id, expense_id, audit_id) VALUES (400, 'Missing record', 200, 400, 400);